index;pointer_address;string_address;length_bytes;text (Shift-JIS);text fr
0;8009870c;0x80022450;10;?????;Alundra
1;80098710;0x80022440;12;??????;Haricots de Jack
2;80098714;0x80022438;4;??;Bombe
3;80098718;0x8002242c;8;????;Flèches Niv.1
4;8009871c;0x80022420;8;????;Flèches Niv.2
5;80098720;0x80022418;6;(??);(vide)
6;80098724;0x80022418;6;(??);(vide)
7;80098728;0x80022410;6;???;Flèches chargées
8;8009872c;0x80022418;6;(??);(vide)
9;80098730;0x80022418;6;(??);(vide)
10;80098734;0x80022418;6;(??);(vide)
11;80098738;0x80022408;6;???;Boule de feu
12;8009873c;0x800223fc;10;?????;Boule de feu chargée
13;80098740;0x80022418;6;(??);(vide)
14;80098744;0x800223f4;4;??;Boule de glace
15;80098748;0x800223e8;8;????;Boule de glace chargée
16;8009874c;0x800223d8;14;???????;Magie de terre Niv.1
17;80098750;0x800223c8;14;???????;Magie de terre Niv.2
18;80098754;0x80022418;6;(??);(vide)
19;80098758;0x800223b8;14;???????;Magie d’eau Niv.2
20;8009875c;0x800223a8;14;???????;Magie de feu Niv.1
21;80098760;0x80022398;14;???????;Magie de feu Niv.2
22;80098764;0x80022388;14;???????;Magie de vent Niv.1
23;80098768;0x80022374;18;?????????;Projectile de magie de feu Niv.1
24;8009876c;0x8002235c;20;??????????;Magie de vent Niv.2 (bas)
25;80098770;0x80022344;20;?????×?×??;Bloc transparent (1×1×2)
26;80098774;0x80022338;8;????;Chariot de mine
27;80098778;0x80022328;12;??????;Épée d’onde Niv.1
28;8009877c;0x80022318;12;??????;Épée d’onde Niv.2
29;80098780;0x80022308;12;??????;Épée d’onde Niv.3
30;80098784;0x80022300;4;??;Coffre au trésor
31;80098788;0x800222ec;18;I01_???????;I01_Épée de base
32;8009878c;0x800222d8;16;I02_??????;I02_Lame d’acier
33;80098790;0x800222c4;18;I03_???????;I03_Destructeur de démons
34;80098794;0x800222b0;18;I04_???????;I04_Épée sacrée Elnard
35;80098798;0x8002229c;16;I05_??????;I05_Arc du chasseur
36;8009879c;0x80022288;18;I06_???????;I06_Arc de William
37;800987a0;0x80022278;12;I07_????;I07_Bâton magique
38;800987a4;0x80022264;18;I08_???????;I08_Objet 008
39;800987a8;0x80022250;18;I09_???????;I09_Lancer de chaîne
40;800987ac;0x8002223c;16;I10_??????;I10_Le Broyeur
41;800987b0;0x80022228;18;I11_???????;I11_Objet 011
42;800987b4;0x80022214;18;I12_???????;I12_Objet 012
43;800987b8;0x80022200;18;I13_???????;I13_Objet 013
44;800987bc;0x800221f0;12;I14_????;I14_Bâton des glaces flottantes
45;800987c0;0x800221dc;18;I15_???????;I15_Objet 015
46;800987c4;0x800221cc;12;I16_????;I16_Bâton de feu
47;800987c8;0x800221b8;18;I17_???????;I17_Veste en tissu
48;800987cc;0x800221a4;18;I18_???????;I18_Veste en cuir
49;800987d0;0x80022190;18;I19_???????;I19_Veste en acier
50;800987d4;0x8002217c;18;I20_???????;I20_Veste en argent
51;800987d8;0x80022168;18;I21_???????;I21_Objet 021
52;800987dc;0x80022154;18;I22_???????;I22_Objet 022
53;800987e0;0x80022140;18;I23_???????;I23_Objet 023
54;800987e4;0x8002212c;18;I24_???????;I24_Objet 024
55;800987e8;0x80022118;18;I25_???????;I25_Bottes normales
56;800987ec;0x80022104;16;I26_??????;I26_Bottes longues
57;800987f0;0x800220f0;18;I27_???????;I27_Bottes de triton
58;800987f4;0x800220dc;18;I28_???????;I28_Bottes magiques
59;800987f8;0x800220c8;18;I29_???????;I29_Objet 029
60;800987fc;0x800220b4;18;I30_???????;I30_Objet 030
61;80098800;0x800220a0;16;I31_??????;I31_Haricots de Jack
62;80098804;0x8002208c;16;I32_??????;I32_Cape de sable
63;80098808;0x8002207c;12;I33_????;I33_Armure brisée
64;8009880c;0x80022068;18;I34_???????;I34_Objet 034
65;80098810;0x80022058;12;I35_????;I35_Bombe explosive
66;80098814;0x8002204c;8;I36_??;I36_Herbe médicinale
67;80098818;0x80022038;18;I37_???????;I37_Potion L
68;8009881c;0x80022024;18;I38_???????;I38_Extrait magique
69;80098820;0x80022010;16;I39_??????;I39_Breuvage de soin
70;80098824;0x80021ffc;16;I40_??????;I40_Cape aquatique
71;80098828;0x80021fe8;18;I41_???????;I41_Potion S
72;8009882c;0x80021fd4;18;I42_???????;I42_Objet 042
73;80098830;0x80021fc0;18;I43_???????;I43_Tome de la Terre (haut)
74;80098834;0x80021fac;18;I44_???????;I44_Tome de la Terre (bas)
75;80098838;0x80021f98;18;I45_???????;I45_Tome du démon d’eau (haut)
76;8009883c;0x80021f84;18;I46_???????;I46_Tome du démon d’eau (bas)
77;80098840;0x80021f70;18;I47_???????;I47_Tome du dragon de feu (haut)
78;80098844;0x80021f5c;18;I48_???????;I48_Tome du dragon de feu (bas)
79;80098848;0x80021f48;18;I49_???????;I49_Tome du dieu du vent (haut)
80;8009884c;0x80021f34;18;I50_???????;I50_Tome du dieu du vent (bas)
81;80098850;0x80021f20;16;I51_??????;I51_Anneau d’orc
82;80098854;0x80021f0c;16;I52_??????;I52_Anneau d’ogre
83;80098858;0x80021efc;14;I53_?????;I53_Bracelet d’armure d’acier
84;8009885c;0x80021eec;14;I54_?????;I54_Bracelet d’armure d’argent
85;80098860;0x80021edc;12;I55_????;I55_Anneau de régénération
86;80098864;0x80021ecc;12;I56_????;I56_Anneau de guérison
87;80098868;0x80021ec0;10;I57_???;I57_Billet d’entrée
88;8009886c;0x80021eac;18;I58_???????;I58_Objet 058
89;80098870;0x80021e98;18;I59_???????;I59_Gant de puissance
90;80098874;0x80021e80;20;I60_????????;I60_Clé de l’ascenseur
91;80098878;0x80021e78;6;I61_?;I61_Clé
92;8009887c;0x80021e68;14;I62_?????;I62_Emblème du sang de pigeon
93;80098880;0x80021e58;14;I63_?????;I63_Emblème azur
94;80098884;0x80021e48;14;I64_?????;I64_Emblème de topaze
95;80098888;0x80021e38;14;I65_?????;I65_Emblème brun
96;8009888c;0x80021e28;14;I66_?????;I66_Emblème écarlate
97;80098890;0x80021e18;14;I67_?????;I67_Emblème vert sombre
98;80098894;0x80021e08;14;I68_?????;I68_Emblème d’argent
99;80098898;0x80021df8;12;I69_????;I69_1 Gilda
100;8009889c;0x80021de8;12;I70_????;I70_5 Gildas
101;800988a0;0x80021dd8;14;I71_?????;I71_10 Gildas
102;800988a4;0x80021dc8;14;I72_?????;I72_30 Gildas
103;800988a8;0x80021db8;14;I73_?????;I73_? Vieille clé
104;800988ac;0x80021dac;8;I74_??;I74_Bouquet de fleurs
105;800988b0;0x80021d98;16;I75_??????;I75_Clé d’Anzes
106;800988b4;0x80021d84;18;I76_???????;I76_Testament d’Anzes
107;800988b8;0x80021d74;12;I77_????;I77_Orbe du grand arbre
108;800988bc;0x80021d60;16;I78_??????;I78_Pierre de Zolist
109;800988c0;0x80021d4c;16;I79_??????;I79_Bec en or
110;800988c4;0x80021d38;18;I80_???????;I80_Graine magique
111;800988c8;0x80021d2c;10;I81_???;I81_Petit cristal
112;800988cc;0x80021d20;10;I82_???;I82_Grand cristal
113;800988d0;0x80021d14;10;I83_???;I83_Récipient de vie
114;800988d4;0x80021d04;12;I84_????;I84_Petit cœur
115;800988d8;0x80021cf4;12;I85_????;I85_Cœur moyen
116;800988dc;0x80021ce4;12;I86_????;I86_Grand cœur
117;800988e0;0x80021cd4;14;I87_?????;I87_? Cadeau de remerciement
118;800988e4;0x80021cc4;14;I88_?????;I88_Livre d’Elna
119;800988e8;0x80021cb0;18;I89_???????;I89_Objet 089
120;800988ec;0x80021c9c;18;I90_???????;I90_Objet 090
121;800988f0;0x80021c88;18;I91_???????;I91_Objet 091
122;800988f4;0x80021c74;18;I92_???????;I92_Objet 092
123;800988f8;0x80021c60;18;I93_???????;I93_Objet 093
124;800988fc;0x80021c4c;18;I94_???????;I94_Objet 094
125;80098900;0x80021c38;18;I95_???????;I95_Objet 095
126;80098904;0x80021c24;18;I96_???????;I96_Objet 096
127;80098908;0x80021c10;18;I97_???????;I97_Objet 097
128;8009890c;0x80022418;6;(??);(vide)
129;80098910;0x80022418;6;(??);(vide)
130;80098914;0x80022418;6;(??);(vide)
131;80098918;0x80022418;6;(??);(vide)
132;8009891c;0x80022418;6;(??);(vide)
133;80098920;0x80022418;6;(??);(vide)
134;80098924;0x80022418;6;(??);(vide)
135;80098928;0x80022418;6;(??);(vide)
136;8009892c;0x80022418;6;(??);(vide)
137;80098930;0x80022418;6;(??);(vide)
138;80098934;0x80022418;6;(??);(vide)
139;80098938;0x80022418;6;(??);(vide)
140;8009893c;0x80022418;6;(??);(vide)
141;80098940;0x80022418;6;(??);(vide)
142;80098944;0x80022418;6;(??);(vide)
143;80098948;0x80022418;6;(??);(vide)
144;8009894c;0x80022418;6;(??);(vide)
145;80098950;0x80022418;6;(??);(vide)
146;80098954;0x80022418;6;(??);(vide)
147;80098958;0x80022418;6;(??);(vide)
148;8009895c;0x80022418;6;(??);(vide)
149;80098960;0x80022418;6;(??);(vide)
150;80098964;0x80021c04;10;?????;Projectile (ligne droite)
151;80098968;0x80021bf8;10;?????;Projectile (chute)
152;8009896c;0x80021be8;12;??????;Projectile (parabolique)
153;80098970;0x80021bd4;16;????????;Projectile (boomerang)
154;80098974;0x80022418;6;(??);(vide)
155;80098978;0x80022418;6;(??);(vide)
156;8009897c;0x80022418;6;(??);(vide)
157;80098980;0x80022418;6;(??);(vide)
158;80098984;0x80022418;6;(??);(vide)
159;80098988;0x80022418;6;(??);(vide)
160;8009898c;0x80022418;6;(??);(vide)
161;80098990;0x80022418;6;(??);(vide)
162;80098994;0x80022418;6;(??);(vide)
163;80098998;0x80022418;6;(??);(vide)
164;8009899c;0x80022418;6;(??);(vide)
165;800989a0;0x80022418;6;(??);(vide)
166;800989a4;0x80022418;6;(??);(vide)
167;800989a8;0x80022418;6;(??);(vide)
168;800989ac;0x80022418;6;(??);(vide)
169;800989b0;0x80022418;6;(??);(vide)
170;800989b4;0x80022418;6;(??);(vide)
171;800989b8;0x80022418;6;(??);(vide)
172;800989bc;0x80022418;6;(??);(vide)
173;800989c0;0x80022418;6;(??);(vide)
174;800989c4;0x80022418;6;(??);(vide)
175;800989c8;0x80022418;6;(??);(vide)
176;800989cc;0x80022418;6;(??);(vide)
177;800989d0;0x80022418;6;(??);(vide)
178;800989d4;0x80022418;6;(??);(vide)
179;800989d8;0x80022418;6;(??);(vide)
180;800989dc;0x80022418;6;(??);(vide)
181;800989e0;0x80022418;6;(??);(vide)
182;800989e4;0x80022418;6;(??);(vide)
183;800989e8;0x80022418;6;(??);(vide)
184;800989ec;0x80022418;6;(??);(vide)
185;800989f0;0x80022418;6;(??);(vide)
186;800989f4;0x80022418;6;(??);(vide)
187;800989f8;0x80022418;6;(??);(vide)
188;800989fc;0x80022418;6;(??);(vide)
189;80098a00;0x80022418;6;(??);(vide)
190;80098a04;0x80022418;6;(??);(vide)
191;80098a08;0x80022418;6;(??);(vide)
192;80098a0c;0x80022418;6;(??);(vide)
193;80098a10;0x80022418;6;(??);(vide)
194;80098a14;0x80022418;6;(??);(vide)
195;80098a18;0x80022418;6;(??);(vide)
196;80098a1c;0x80022418;6;(??);(vide)
197;80098a20;0x80022418;6;(??);(vide)
198;80098a24;0x80022418;6;(??);(vide)
199;80098a28;0x80022418;6;(??);(vide)
200;80098a2c;0x80022418;6;(??);(vide)
201;80098a30;0x80022418;6;(??);(vide)
202;80098a34;0x80022418;6;(??);(vide)
203;80098a38;0x80022418;6;(??);(vide)
204;80098a3c;0x80022418;6;(??);(vide)
205;80098a40;0x80022418;6;(??);(vide)
206;80098a44;0x80022418;6;(??);(vide)
207;80098a48;0x80022418;6;(??);(vide)
208;80098a4c;0x80022418;6;(??);(vide)
209;80098a50;0x80022418;6;(??);(vide)
210;80098a54;0x80022418;6;(??);(vide)
211;80098a58;0x80022418;6;(??);(vide)
212;80098a5c;0x80022418;6;(??);(vide)
213;80098a60;0x80022418;6;(??);(vide)
214;80098a64;0x80022418;6;(??);(vide)
215;80098a68;0x80022418;6;(??);(vide)
216;80098a6c;0x80022418;6;(??);(vide)
217;80098a70;0x80022418;6;(??);(vide)
218;80098a74;0x80022418;6;(??);(vide)
219;80098a78;0x80022418;6;(??);(vide)
220;80098a7c;0x80022418;6;(??);(vide)
221;80098a80;0x80022418;6;(??);(vide)
222;80098a84;0x80022418;6;(??);(vide)
223;80098a88;0x80022418;6;(??);(vide)
224;80098a8c;0x80022418;6;(??);(vide)
225;80098a90;0x80022418;6;(??);(vide)
226;80098a94;0x80022418;6;(??);(vide)
227;80098a98;0x80021bc4;12;??????;Coffre d’Anzes
228;80098a9c;0x80021bb4;12;??????;Bloc transparent (pour arc)
229;80098aa0;0x80021ba0;18;?????????;Bloc à pousser/attaquer
230;80098aa4;0x80021b8c;19;????2x2x1???;Mur à boule de fer (2×2×1) permanent
231;80098aa8;0x80021b7c;15;????8x2x1?;Bloc transparent (8×2×1)
232;80098aac;0x80021b68;19;????2x2x2???;Mur à boule de fer (2×2×2) permanent
233;80098ab0;0x80021b58;14;????3x3x3);Bloc transparent (3×3×3)
234;80098ab4;0x80021b48;12;??????;Pierre très lourde
235;80098ab8;0x80021b30;20;???????(6x10);Gros bloc transparent (6×10)
236;80098abc;0x80021b28;4;??;Nuage de sable
237;80098ac0;0x80021b10;21;SaveBook(Don'tTouch!);SaveBook (Ne pas toucher !)
238;80098ac4;0x80021afc;18;?????????;Ronces enflammées 222
239;80098ac8;0x80021ae8;18;?????????;Ronces enflammées 112
240;80098acc;0x80021ad0;20;??????????;Plateforme mobile toutes directions
241;80098ad0;0x80021ab8;20;??????????;Couvercle de tige-bombe (horizontal)
242;80098ad4;0x80021aa0;20;??????????;Couvercle de tige-bombe (dessus)
243;80098ad8;0x80021a88;20;??????????;Couvercle de tige-bombe (vertical)
244;80098adc;0x80021a70;20;??????????;Déclencheur clé invisible (très petit)
245;80098ae0;0x80021a60;14;???????;Chariot de chargement
246;80098ae4;0x80021a48;20;??????????;Déclencheur clé invisible (standard)
247;80098ae8;0x80021a44;2;?;Tombe
248;80098aec;0x80021a34;14;???????;Bloc transparent (gigantesque)
249;80098af0;0x80021a24;14;???????;Bloc transparent (minuscule)
250;80098af4;0x80022418;6;(??);(vide)
251;80098af8;0x80021a14;14;???????;Laser (?)
252;80098afc;0x80021a0c;4;??;Rocher tombant
253;80098b00;0x800219fc;14;???????;Racine destructible à la bombe
254;80098b04;0x800219f0;8;????;Panneau générique
255;80098b08;0x800219ec;3;END;FIN
256;80098b0c;0x800219d8;16;????????;Beizen (chef du village)
257;80098b10;0x800219c8;14;???????;Tostea (épouse)
258;80098b14;0x800219b4;16;????????;Turas (fils)
259;80098b18;0x800219a0;18;?????????;Yustel (vieille voyante)
260;80098b1c;0x8002198c;18;?????????;Anzes (armurier)
261;80098b20;0x80021978;16;????????;Roein (prêtre)
262;80098b24;0x80021964;16;????????;Shivil (aux yeux rouges)
263;80098b28;0x80021954;14;???????;Sheela (mère)
264;80098b2c;0x80021940;16;????????;Oren (mineur)
265;80098b30;0x8002192c;16;????????;Luik (mineur)
266;80098b34;0x80021918;16;????????;Nuinda (mineur)
267;80098b38;0x80021904;16;????????;Zulim (mineur)
268;80098b3c;0x800218f0;18;?????????;Sectus (chercheur)
269;80098b40;0x800218dc;18;?????????;Narsia (femme insomniaque)
270;80098b44;0x800218c8;16;????????;Moraas (vieille femme)
271;80098b48;0x800218b4;18;?????????;Bojis (homme endormi à jamais)
272;80098b4c;0x800218a0;16;????????;Meizan (père)
273;80098b50;0x8002188c;18;?????????;Klein (somnambule)
274;80098b54;0x80021878;18;?????????;Gouser (homme religieux)
275;80098b58;0x80021868;14;???????;Kisha (petite sœur)
276;80098b5c;0x80021854;18;?????????;Elin (femme à personnalités multiples)
277;80098b60;0x80021840;18;?????????;Ustow (ivrogne)
278;80098b64;0x80021830;14;???????;Beglas (frère aîné)
279;80098b68;0x80021820;14;???????;Nectas (frère cadet)
280;80098b6c;0x8002180c;18;?????????;Martis (père des jumeaux)
281;80098b70;0x800217f8;18;?????????;Ilni (mère des jumeaux)
282;80098b74;0x800217e4;16;????????;Wines (grand-père)
283;80098b78;0x800217d0;18;?????????;Yaard (marchand d’objets)
284;80098b7c;0x800217bc;18;?????????;Nauran (épouse courageuse)
285;80098b80;0x800217a8;18;?????????;Havan (vieil homme du cap)
286;80098b84;0x80021794;16;????????;Keitos (gardien de cimetière)
287;80098b88;0x80021780;16;????????;Lutas (gros bonhomme)
288;80098b8c;0x8002176c;18;?????????;Fein (femme du gros)
289;80098b90;0x80021758;16;????????;Toutou (chien)
290;80098b94;0x8002174c;8;????;Tonneau générique
291;80098b98;0x80021744;6;???;Cruche générique
292;80098b9c;0x80021738;8;????;Caisse en bois générique
293;80098ba0;0x80021730;6;???;Pierre générique
294;80098ba4;0x80021724;8;????;Cruche n°2
295;80098ba8;0x8002170c;20;??????????;Pierre (destructible à la boule de fer) 1
296;80098bac;0x800216f4;20;??????????;Pierre (destructible à la boule de fer) 2
297;80098bb0;0x800216e8;8;????;Herbe transportable
298;80098bb4;0x800216d0;20;?????(????);Statue poussable (événement)
299;80098bb8;0x800216c8;4;??;Statue de pierre
300;80098bbc;0x800216b0;20;??????????;Interrupteur (monter) inutilisable
301;80098bc0;0x80021698;20;??????????;Interrupteur (piétiner) ? à utiliser !
302;80098bc4;0x8002168c;10;?????;Médium
303;80098bc8;0x80021688;2;?;Livre
304;80098bcc;0x8002167c;8;????;Bloc de glace transportable
305;80098bd0;0x8002166c;14;???????;Interrupteur (levier)
306;80098bd4;0x80021660;10;?????;Interrupteur (mur)
307;80098bd8;0x80021650;12;??????;Interrupteur (allumage)
308;80098bdc;0x8002163c;16;????????;Interrupteur (bascule)
309;80098be0;0x80021630;10;?????;Plateforme lance-flammes
310;80098be4;0x80021624;10;?????;Boule de fer (petite)
311;80098be8;0x80021618;10;?????;Boule de fer (grande)
312;80098bec;0x80021608;12;??????;Plateforme flottante (petite)
313;80098bf0;0x800215f8;12;??????;Plateforme flottante (grande)
314;80098bf4;0x800215ec;10;?????;Rocher roulant (petit)
315;80098bf8;0x800215e0;10;?????;Rocher roulant (grand)
316;80098bfc;0x800215c8;20;??????????;Pilier de feu (Ice Rod)
317;80098c00;0x800215c0;6;???;Rampe de lancement
318;80098c04;0x800215b4;10;?????;Sol piquant
319;80098c08;0x800215b0;2;?;Flamme
320;80098c0c;0x80021598;20;??????????;Ronces (bâton de feu)
321;80098c10;0x80021584;18;?????????;Plateforme flottante fragile (petite)
322;80098c14;0x80021570;18;?????????;Plateforme flottante fragile (grande)
323;80098c18;0x80021564;10;?????;Porte (petite)
324;80098c1c;0x80021558;10;?????;Porte (grande)
325;80098c20;0x80021548;12;??????;Grille de fer (petite)
326;80098c24;0x80021538;12;??????;Grille de fer (grande)
327;80098c28;0x80021524;16;????????;Trappe d’escalier (petite)
328;80098c2c;0x80021510;16;????????;Trappe d’escalier (grande)
329;80098c30;0x800214fc;18;?????????;?Slime gélatineux
330;80098c34;0x800214f4;6;???;?Projectile
331;80098c38;0x800214e4;12;??????;Élin morte
332;80098c3c;0x800214d4;12;??????;Bojis mort
333;80098c40;0x800214c4;12;??????;Moraas morte
334;80098c44;0x800214b4;12;??????;Narsia morte
335;80098c48;0x800214a4;14;???????;?Beannoïde
336;80098c4c;0x80021494;12;??????;Moteur à ondes
337;80098c50;0x8002147c;20;??????????;Flammes (pour Ice Rod)
338;80098c54;0x80021468;16;????(?)Lv?;?Orc (hache) Niv.1
339;80098c58;0x80021454;18;?????????;Sarty (femme du rêve)
340;80098c5c;0x80021448;10;?????;Rampe de saut
341;80098c60;0x80021430;22;????(???)???;?Orc (masse) Niv.1
342;80098c64;0x80021424;10;?????;Tourelle à 4 directions
343;80098c68;0x80021418;10;?????;Flammes horizontales
344;80098c6c;0x80021404;18;????(?)???;?Orc (armure de fer) Niv.1
345;80098c70;0x800213f4;12;??????;Interrupteur poussoir
346;80098c74;0x800213e0;18;?????????;Grand visage (Aida)
347;80098c78;0x800213c8;20;?????(?)???;?Muruta (griffes) Niv.1
348;80098c7c;0x800213bc;8;????;Plafond suspendu
349;80098c80;0x800213ac;14;???????;Jeune médium
350;80098c84;0x80021394;20;?????(?)???;?Muruta (arc) Niv.1
351;80098c88;0x80021384;12;??????;?Flèche Niv.1
352;80098c8c;0x80021378;8;????;Chaîne
353;80098c90;0x8002136c;8;????;Alicia
354;80098c94;0x80021360;8;????;Rijio
355;80098c98;0x80021350;14;???????;Mère du médium
356;80098c9c;0x80021338;20;?????(?)???;?Muruta (boomerang) Niv.1
357;80098ca0;0x80021320;20;??????????;?Boomerang Niv.1
358;80098ca4;0x80021310;14;???????;L’Homme en robe
359;80098ca8;0x80021304;10;?????;Homme effondré
360;80098cac;0x800212f4;14;???????;Médium ligoté
361;80098cb0;0x800212e0;16;????????;Boîte bicolore rouge/bleu
362;80098cb4;0x800212c8;20;?????(?)???;?Homme-lézard (épée) Niv.1
363;80098cb8;0x800212b4;16;????????;Objet étoile (transportable)
364;80098cbc;0x800212a4;12;??????;Plaque à motif
365;80098cc0;0x8002128c;20;?????(?)???;?Homme-lézard (lance) Niv.1
366;80098cc4;0x8002127c;12;??????;?Lance Niv.1
367;80098cc8;0x80021268;16;????????;Objet lune (transportable)
368;80098ccc;0x80021254;16;????????;Objet eau (transportable)
369;80098cd0;0x80021240;18;?????????;Objet soleil (transportable)
370;80098cd4;0x8002122c;16;????????;Statue de roi, serviteur et déesse
371;80098cd8;0x80021214;20;?????(?)???;?Homme-lézard (projectiles) Niv.1
372;80098cdc;0x80021204;12;??????;?Projectile Niv.1
373;80098ce0;0x800211f0;18;?????????;Tronc (transportable), petite boule de fer
374;80098ce4;0x800211d8;20;??????????;Mur à boule de fer (222) – boule de fer
375;80098ce8;0x800211c4;16;????????;Mur à boule de fer (221)
376;80098cec;0x800211b0;18;?????????;Mur à boule de fer (112) – axe
377;80098cf0;0x80021198;20;?????(?)???;?Mimming (faux) Niv.1
378;80098cf4;0x8002118c;10;?????;Roi Mimming
379;80098cf8;0x80021174;20;???????YM03?;Bojis & pierre (YM03)
380;80098cfc;0x80021168;8;????;Poulet
381;80098d00;0x80021160;6;???;Corbeau
382;80098d04;0x8002114c;16;????????;Mur à boule de fer (111)
383;80098d08;0x8002113c;12;??????;Interrupteur tricolore
384;80098d0c;0x80021128;18;?????????;Statue d’homme-lézard transformé
385;80098d10;0x80021114;18;?????????;Flotteur d’eau / grande boule de fer
386;80098d14;0x800210fc;20;?????(?)???;?Mimming (rotation) Niv.1
387;80098d18;0x800210e8;19;????(UD?/LR?);Pilier détruisible (UD?/LR?)
388;80098d1c;0x800210e4;2;?;Cercueil
389;80098d20;0x800210d0;16;????????;?Roper Niv.1
390;80098d24;0x800210c8;4;??;Colonne de glace
391;80098d28;0x800210bc;8;????;Goutte d’eau
392;80098d2c;0x800210b0;10;?????;?Poisson Niv.1
393;80098d30;0x800210a4;8;????;Torche
394;80098d34;0x80021094;12;??????;Générateur
395;80098d38;0x80021084;12;??????;?Tête de roche Niv.1
396;80098d3c;0x80021070;18;??.01??/23??;Bois flottant .01 sur l’eau / .23 en l’air
397;80098d40;0x80021060;15;?.012?/34??;Bulle .0-1-2 support /3-4 non support
398;80098d44;0x80021050;14;???????;Interrupteur de lampe
399;80098d48;0x80021048;4;??;Maître des clés
400;80098d4c;0x80021030;20;??????(YM08?);Médium (pour YM08)
401;80098d50;0x80021020;12;??????;?Homme-insecte Niv.1
402;80098d54;0x8002100c;16;??/??/???;Marin / passager / mouette
403;80098d58;0x80020ff8;18;???.0?/1?/2?;Chaîne .0 traversable /1 détruite /2 attente
404;80098d5c;0x80020fe4;16;????????;?Mimique Niv.1
405;80098d60;0x80020fd8;8;????;Armure cassable
406;80098d64;0x80020fc8;12;??????;Porte rotative 45°
407;80098d68;0x80020fb0;20;YM08??u?d?l?r?;YM08 barrière u=eau d=feu l=sable r=glace
408;80098d6c;0x80020fa8;5;asiba;asiba (plateforme)
409;80098d70;0x80020f94;18;????(????);Pot magique (boïng)
410;80098d74;0x80020f84;14;???????;?Ver Niv.1
411;80098d78;0x80021204;12;??????;?Projectile Niv.1
412;80098d7c;0x80020f70;16;????????;?Wilda (tête)
413;80098d80;0x80020f68;6;???;?Corps
414;80098d84;0x80020f54;18;?????????;?Souffle de dragon
415;80098d88;0x80020f48;10;?????;?Boule de feu
416;80098d8c;0x80020f44;2;?;Vide
417;80098d90;0x80020f44;2;?;Vide
418;80098d94;0x80020f30;18;?????????;?Melzas (corps principal)
419;80098d98;0x80020f1c;16;????????;?Laser à tête chercheuse
420;80098d9c;0x80020f08;18;?????????;?Projectiles en spirale (lents)
421;80098da0;0x80020f44;2;?;Vide
422;80098da4;0x80020f44;2;?;Vide
423;80098da8;0x80020ef4;18;?????????;?Projectiles à tête chercheuse (lents)
424;80098dac;0x80020ee0;16;????????;?Double de Melzas
425;80098db0;0x80020ecc;16;????????;?Homme momie Niv.1
426;80098db4;0x80020ebc;12;??????;Rancune de Melzas
427;80098db8;0x80020eac;12;??????;Statue divine de Melzas
428;80098dbc;0x80020e98;16;????????;?Fantôme Niv.1
429;80098dc0;0x80020e88;12;??????;Interrupteur à ballon
430;80098dc4;0x80020e74;16;????(???);Pilier poussable (PRG)
431;80098dc8;0x80020e64;12;??????;?Homme de boue Niv.1
432;80098dcc;0x80021204;12;??????;?Projectile Niv.1
433;80098dd0;0x80020e50;19;???????(D12);Mini-Nilude (D12)
434;80098dd4;0x80020e3c;18;?????????;Klein (rêve uniquement)
435;80098dd8;0x80020e24;20;???????OK??;Vide – OK de laisser vide
436;80098ddc;0x80020f44;2;?;Vide
437;80098de0;0x80020e14;14;???????;?Tortue de roche Niv.1
438;80098de4;0x80020e00;16;????????;Rocher tortue non ennemi
439;80098de8;0x80020f44;2;?;Vide
440;80098dec;0x80020dec;16;????????;?Homme-ombre Niv.1
441;80098df0;0x80020ddc;14;???????;?Tortue de roche Niv.2
442;80098df4;0x80020f44;2;?;Vide
443;80098df8;0x80020dcc;14;???????;?Champignon Niv.1
444;80098dfc;0x80020dbc;14;???????;?Spores Niv.1
445;80098e00;0x80020da8;16;????????;Champignon non ennemi
446;80098e04;0x80020d94;16;????????;?Roein divin corrompu
447;80098e08;0x80020d7c;20;??????????;?Collider de Roein
448;80098e0c;0x80020d64;20;??????????;?Bombardement de Roein
449;80098e10;0x80020d54;14;???????;?Zombie Niv.1
450;80098e14;0x80020d3c;20;??????????;?Bouclier de Roein
451;80098e18;0x80020f44;2;?;Vide
452;80098e1c;0x80020d28;18;?????????;?P-Zoldia Niv.1
453;80098e20;0x80020d14;18;?????????;?P-Zoldia Niv.2
454;80098e24;0x80020d00;16;????????;?Homme momie Niv.2
455;80098e28;0x80020cf0;12;??????;?Guêpe Niv.1
456;80098e2c;0x80020cdc;16;????????;?Roper Niv.2
457;80098e30;0x80020f44;2;?;Vide
458;80098e34;0x80020ccc;12;??????;?Mouche Niv.1
459;80098e38;0x80020cb4;20;??????????;?Slime géant (grand)
460;80098e3c;0x80020c9c;20;??????????;?Slime géant (petit)
461;80098e40;0x80020c8c;12;??????;?Homme de bois Niv.1
462;80098e44;0x80021204;12;??????;?Projectile Niv.1
463;80098e48;0x80020c7c;12;??????;?Après Melzas
464;80098e4c;0x80020c70;10;?????;?Bras, projectiles
465;80098e50;0x80020c64;8;????;?Tentacule
466;80098e54;0x80020f44;2;?;Vide
467;80098e58;0x80020c54;14;???????;?Fourneau Niv.1
468;80098e5c;0x80021204;12;??????;?Projectile Niv.1
469;80098e60;0x80020c40;16;????????;?Magie de Zoldia
470;80098e64;0x80020c24;24;????????????;?Frères Rayon (gaz toxique)
471;80098e68;0x80020c0c;22;???????????;?Slime géant (œil)
472;80098e6c;0x80020bf4;22;???????????;?Slime géant (corps)
473;80098e70;0x80020be4;14;???????;?Oiseau de feu Niv.1
474;80098e74;0x80020bd0;18;?????????;?Projectiles (plumes) Niv.1
475;80098e78;0x80020bb8;22;???????????;?Projectiles (étincelles) Niv.1
476;80098e7c;0x80020ba8;12;??????;?Monsieur Aspiration
477;80098e80;0x80020b94;16;????????;?Effet d’aspiration
478;80098e84;0x80020b80;16;????????;?Petit slime
479;80098e88;0x80020b74;10;?????;?Dragon
480;80098e8c;0x80020b64;14;???????;?Flammes de dragon
481;80098e90;0x80020b50;16;????????;?Triple projectile de dragon
482;80098e94;0x80020b40;14;???  ???;?Loup-garou Niv.1
483;80098e98;0x80020b30;14;???????;?Débris du roi
484;80098e9c;0x80020b1c;18;?????????;?Abyss (projectiles-bulles)
485;80098ea0;0x80020b0c;14;???????;?Abyss Niv.1
486;80098ea4;0x80020af8;16;????????;?Abyss (droite)
487;80098ea8;0x80020ae4;16;????????;?Abyss (gauche)
488;80098eac;0x80020ad4;14;???????;?Mille-pattes (corps principal)
489;80098eb0;0x80020ac0;16;????????;?Mille-pattes (tronc)
490;80098eb4;0x80020aac;18;?????????;?Mille-pattes (queue)
491;80098eb8;0x80020a94;20;??????????;?Mille-pattes (joint)
492;80098ebc;0x80020a80;18;?????????;?Mille-pattes (tronc 2)
493;80098ec0;0x80020a68;22;???????????;?Nilude (pensée résiduelle)
494;80098ec4;0x80020a50;20;??????????;?Boss lézard Niv.1
495;80098ec8;0x80020a38;20;??????????;?Nilude (avec corps)
496;80098ecc;0x80020a20;21;????????(222);?Chute de rochers de Nilude (222)
497;80098ed0;0x80020a0c;18;?????????;?Élément Niv.1
498;80098ed4;0x800209f8;16;????????;?Roche élémentaire
499;80098ed8;0x800209e4;18;?????????;?Surveillance élémentaire
500;80098edc;0x800209cc;22;???????????;?Frère Rayon (aîné) Niv.1
501;80098ee0;0x800209b4;20;??????????;?Frère Rayon (cadet)
502;80098ee4;0x8002099c;21;????????(112);?Chute de rochers de Nilude (112)
503;80098ee8;0x80020984;21;????????(111);?Chute de rochers de Nilude (111)
504;80098eec;0x8002096c;20;??????????;?Mille-pattes (projectiles réfléchis)
505;80098ef0;0x80020954;20;??????????;?Mille-pattes (œufs explosifs)
506;80098ef4;0x80020940;16;????????;?Roi Muruta
507;80098ef8;0x80020930;14;???????;?Grand rocher du roi
508;80098efc;0x80020920;14;???????;?Sbires du roi
509;80098f00;0x80020914;10;?????;?Zoldia
510;80098f04;0x80020900;18;?????????;?Cercle magique de Zoldia
511;80098f08;0x800208f0;14;???????;?Projectiles de Zoldia
