index;value
0;2049
1;2082
2;2114
3;2146
4;2178
5;2210
6;2242
7;2275
8;2308
9;2342
10;2374
11;2406
12;2438
13;2472
14;2505
15;2539
16;2572
17;2604
18;2636
19;2668
20;2700
21;2733
22;2766
23;2798
24;2830
25;2862
26;2894
27;2927
28;2959
29;2991
30;3023
31;3055
32;3087
33;3120
34;3152
35;3185
36;3218
37;3250
38;3283
39;3316
40;3350
41;3382
42;3414
43;3446
44;3478
45;3510
46;3542
47;3574
48;3606
49;3607
50;3608
51;3609
52;3610
53;3611
54;3612
55;3613
56;3614
57;3615
58;3616
59;3617
60;3618
61;3619
62;3620
63;3621
64;3622
65;3648
66;3652
67;3656
68;3660
69;3664
70;3673
71;3693
72;3737
73;3849
74;3947
75;3951
76;3955
77;3956
78;3965
79;4009
80;4011
81;4012
82;4013
83;4014
84;4015
85;4016
86;4017
87;4018
88;4019
89;4020
90;4021
91;4022
92;4023
93;4024
94;4025
95;4026
96;4027
97;4028
98;4029
99;4030
100;4031
101;4032
102;4033
103;4034
104;4035
105;4036
106;4037
107;4038
108;4039
109;4040
110;4041
111;4042
112;4043
113;4044
114;4045
115;4046
116;4047
117;4048
118;4049
119;4050
120;4051
121;4052
122;4053
123;4054
124;4055
125;4056
126;4057
127;4058
128;4059
129;4060
130;4064
131;4068
132;4114
133;4144
134;4183
135;4221
136;4255
137;4256
138;4257
139;4258
140;4289
141;4313
142;4314
143;4315
144;4361
145;4403
146;4430
147;4461
148;4498
149;4517
150;4518
151;4519
152;4551
153;4575
154;4576
155;4577
156;4578
157;4579
158;4580
159;4581
160;4582
161;4583
162;4584
163;4585
164;4630
165;4631
166;4666
167;4667
168;4694
169;4716
170;4744
171;4745
172;4782
173;4801
174;4843
175;4844
176;4871
177;4915
178;4938
179;4939
180;4978
181;4989
182;4990
183;4991
184;4992
185;4993
186;4994
187;4995
188;4996
189;4997
190;4998
191;4999
192;5000
193;5001
194;5041
195;5069
196;5140
197;5168
198;5206
199;5269
200;5471
201;5509
202;5541
203;5545
204;5549
205;5550
206;5551
207;5552
208;5553
209;5554
210;5555
211;5556
212;5557
213;5558
214;5559
215;5560
216;5561
217;5562
218;5563
219;5564
220;5565
221;5566
222;5567
223;5568
224;5569
225;5570
226;5571
227;5572
228;5573
229;5574
230;5575
231;5576
232;5577
233;5578
234;5579
235;5580
236;5581
237;5582
238;5583
239;5584
240;5585
241;5586
242;5587
243;5588
244;5589
245;5590
246;5591
247;5592
248;5593
249;5594
250;5595
251;5596
252;5597
253;5598
254;5599
255;5600
256;5601
257;5610
258;5616
259;5622
260;5629
261;5634
262;5640
263;5647
264;5654
265;5659
266;5665
267;5672
268;5677
269;5686
270;5692
271;5697
272;5705
273;5713
274;5719
275;5725
276;5731
277;5737
278;5744
279;5751
280;5758
281;5764
282;5769
283;5777
284;5782
285;5788
286;5793
287;5800
288;5806
289;5811
290;5812
291;5813
292;5814
293;5815
294;5816
295;5817
296;5818
297;5819
298;5820
299;5821
300;5822
301;5823
302;5824
303;5829
304;5830
305;5831
306;5832
307;5833
308;5834
309;5835
310;5836
311;5837
312;5838
313;5839
314;5840
315;5841
316;5842
317;5843
318;5844
319;5845
320;5846
321;5847
322;5848
323;5849
324;5850
325;5851
326;5852
327;5853
328;5854
329;5855
330;5856
331;5857
332;5863
333;5871
334;5876
335;5882
336;5883
337;5884
338;5885
339;5886
340;5891
341;5892
342;5893
343;5894
344;5895
345;5896
346;5897
347;5898
348;5899
349;5900
350;5905
351;5906
352;5907
353;5908
354;5909
355;5915
356;5916
357;5917
358;5918
359;5919
360;5920
361;5921
362;5922
363;5923
364;5924
365;5925
366;5926
367;5931
368;5932
369;5933
370;5934
371;5935
372;5936
373;5943
374;5944
375;5945
376;5946
377;5947
378;5948
379;5955
380;5963
381;5964
382;5965
383;5966
384;5967
385;5968
386;5969
387;5970
388;5971
389;5972
390;5973
391;5974
392;5975
393;5976
394;5977
395;5978
396;5979
397;5980
398;5981
399;5982
400;5991
401;5996
402;5997
403;5998
404;5999
405;6000
406;6001
407;6002
408;6003
409;6004
410;6005
411;6006
412;6010
413;6016
414;6017
415;6018
416;6019
417;6025
418;6033
419;6040
420;6041
421;6042
422;6043
423;6044
424;6045
425;6046
426;6047
427;6054
428;6055
429;6056
430;6057
431;6058
432;6059
433;6063
434;6064
435;6065
436;6066
437;6067
438;6068
439;6069
440;6070
441;6071
442;6072
443;6073
444;6074
445;6079
446;6080
447;6086
448;6087
449;6088
450;6089
451;6090
452;6091
453;6092
454;6093
455;6094
456;6095
457;6096
458;6097
459;6098
460;6099
461;6100
462;6101
463;6102
464;6103
465;6104
466;6105
467;6106
468;6107
469;6108
470;6109
471;6110
472;6111
473;6112
474;6113
475;6114
476;6115
477;6116
478;6117
479;6118
480;6119
481;6120
482;6121
483;6122
484;6123
485;6124
486;6125
487;6126
488;6127
489;6128
490;6129
491;6130
492;6131
493;6132
494;6139
495;6140
496;6147
497;6148
498;6149
499;6150
500;6151
501;6152
502;6153
503;6154
504;6155
505;6156
506;6157
507;6163
508;6164
509;6165
510;6172
511;6173
512;6174
513;6175
514;6184
515;6190
516;6206
517;6220
518;6234
519;6248
520;6263
521;6281
522;6295
523;6310
524;6311
525;6312
526;6313
527;6329
528;6330
529;6344
530;6360
531;6375
532;6391
533;6407
534;6408
535;6409
536;6410
537;6411
538;6426
539;6441
540;6455
541;6471
542;6472
543;6473
544;6481
545;6495
546;6510
547;6511
548;6517
549;6524
550;6540
551;6556
552;6572
553;6583
554;6594
555;6595
556;6609
557;6624
558;6638
559;6650
560;6665
561;6678
562;6694
563;6708
564;6722
565;6735
566;6750
567;6765
568;6778
569;6786
570;6800
571;6801
572;6814
573;6831
574;6836
575;6851
576;6867
577;6883
578;6899
579;6915
580;6931
581;6946
582;6955
583;6965
584;6976
585;6987
586;6998
587;7006
588;7018
589;7033
590;7039
591;7053
592;7066
593;7081
594;7095
595;7109
596;7125
597;7139
598;7153
599;7164
600;7180
601;7193
602;7206
603;7207
604;7208
605;7209
606;7210
607;7211
608;7212
609;7213
610;7214
611;7215
612;7216
613;7217
614;7218
615;7219
616;7220
617;7221
618;7222
619;7223
620;7224
621;7225
622;7226
623;7227
624;7228
625;7229
626;7230
627;7231
628;7232
629;7233
630;7234
631;7235
632;7236
633;7237
634;7238
635;7239
636;7240
637;7241
638;7242
639;7243
640;7244
641;7245
642;7261
643;7279
644;7305
645;7322
646;7348
647;7382
648;7411
649;7444
650;7476
651;7509
652;7510
653;7511
654;7512
655;7536
656;7537
657;7565
658;7598
659;7634
660;7664
661;7689
662;7690
663;7691
664;7692
665;7693
666;7719
667;7747
668;7777
669;7809
670;7810
671;7811
672;7840
673;7868
674;7897
675;7898
676;7931
677;7965
678;7985
679;8009
680;8046
681;8080
682;8117
683;8118
684;8143
685;8168
686;8190
687;8212
688;8235
689;8258
690;8282
691;8306
692;8339
693;8372
694;8406
695;8440
696;8460
697;8491
698;8509
699;8510
700;8544
701;8576
702;8577
703;8598
704;8618
705;8634
706;8658
707;8678
708;8699
709;8719
710;8720
711;8721
712;8722
713;8723
714;8754
715;8771
716;8798
717;8827
718;8860
719;8894
720;8908
721;8909
722;8910
723;8911
724;8912
725;8913
726;8914
727;8915
728;8943
729;8976
730;9004
731;9005
732;9006
733;9007
734;9008
735;9009
736;9010
737;9011
738;9012
739;9013
740;9014
741;9015
742;9016
743;9017
744;9018
745;9019
746;9020
747;9021
748;9022
749;9023
750;9024
751;9025
752;9026
753;9027
754;9028
755;9029
756;9030
757;9031
758;9032
759;9033
760;9034
761;9035
762;9036
763;9037
764;9038
765;9039
766;9040
767;9041
768;9042
769;9043
770;9044
771;9071
772;9098
773;9125
774;9164
775;9191
776;9229
777;9260
778;9296
779;9323
780;9324
781;9325
782;9326
783;9353
784;9354
785;9381
786;9413
787;9451
788;9489
789;9527
790;9528
791;9529
792;9530
793;9531
794;9532
795;9563
796;9594
797;9630
798;9631
799;9632
800;9664
801;9693
802;9722
803;9723
804;9756
805;9795
806;9796
807;9797
808;9833
809;9870
810;9912
811;9913
812;9947
813;9988
814;10030
815;10072
816;10094
817;10125
818;10153
819;10180
820;10199
821;10200
822;10201
823;10233
824;10267
825;10303
826;10304
827;10305
828;10306
829;10307
830;10308
831;10341
832;10379
833;10406
834;10434
835;10462
836;10497
837;10527
838;10528
839;10529
840;10530
841;10531
842;10569
843;10609
844;10610
845;10611
846;10612
847;10649
848;10650
849;10651
850;10652
851;10653
852;10654
853;10655
854;10656
855;10657
856;10658
857;10659
858;10660
859;10661
860;10662
861;10663
862;10664
863;10665
864;10666
865;10667
866;10668
867;10669
868;10670
869;10671
870;10672
871;10673
872;10674
873;10675
874;10676
875;10677
876;10678
877;10679
878;10680
879;10681
880;10682
881;10683
882;10684
883;10685
884;10686
885;10687
886;10688
887;10689
888;10690
889;10691
890;10692
891;10693
892;10694
893;10695
894;10696
895;10697
896;2048
897;2048
898;2048
899;2048
900;2048
901;2048
902;2048
903;2048
904;2048
905;2048
906;2048
907;2048
908;2048
909;2048
910;2048
911;2048
912;2048
913;2048
914;2048
915;2048
916;2048
917;2048
918;2048
919;2048
920;2048
921;2048
922;2048
923;2048
924;2048
925;2048
926;2048
927;2048
928;2048
929;2048
930;2048
931;2048
932;2048
933;2048
934;2048
935;2048
936;2048
937;2048
938;2048
939;2048
940;2048
941;2048
942;2048
943;2048
944;2048
945;2048
946;2048
947;2048
948;2048
949;2048
950;2048
951;2048
952;2048
953;2048
954;2048
955;2048
956;2048
957;2048
958;2048
959;2048
960;2048
961;2048
962;2048
963;2048
964;2048
965;2048
966;2048
967;2048
968;2048
969;2048
970;2048
971;2048
972;2048
973;2048
974;2048
975;2048
976;2048
977;2048
978;2048
979;2048
980;2048
981;2048
982;2048
983;2048
984;2048
985;2048
986;2048
987;2048
988;2048
989;2048
990;2048
991;2048
992;2048
993;2048
994;2048
995;2048
996;2048
997;2048
998;2048
999;2048
1000;2048
1001;2048
1002;2048
1003;2048
1004;2048
1005;2048
1006;2048
1007;2048
1008;2048
1009;2048
1010;2048
1011;2048
1012;2048
1013;2048
1014;2048
1015;2048
1016;2048
1017;2048
1018;2048
1019;2048
1020;2048
1021;2048
1022;2048
1023;10698
