code;width;height;srcX;srcY;yOffset
0;16;16;0;0;0
1;16;16;16;0;0
2;16;16;32;0;0
3;16;16;48;0;0
4;16;16;64;0;0
5;16;16;80;0;0
6;16;16;96;0;0
7;16;16;112;0;0
8;16;16;128;0;0
9;16;16;144;0;0
10;16;16;160;0;0
11;16;16;176;0;0
12;16;16;192;0;0
13;16;16;208;0;0
14;16;16;224;0;0
15;16;16;240;0;0
16;6;16;0;16;0
17;1;1;16;16;0
18;11;16;32;16;0
19;5;16;48;16;0
20;5;16;64;16;0
21;14;16;80;16;0
22;14;16;96;16;0
23;14;16;112;16;0
24;14;16;128;16;0
25;14;16;144;16;0
26;14;16;160;16;0
27;14;16;176;16;0
28;14;16;192;16;0
29;14;16;208;16;0
30;1;1;224;16;0
31;1;1;240;16;0
32;4;16;0;32;0
33;3;16;16;32;0
34;5;16;32;32;0
35;11;16;48;32;0
36;8;16;64;32;0
37;11;16;80;32;0
38;10;16;96;32;0
39;3;16;112;32;0
40;5;16;128;32;0
41;5;16;144;32;0
42;6;16;160;32;0
43;7;16;176;32;0
44;3;16;192;34;0
45;4;16;208;30;0
46;2;16;224;32;0
47;6;16;240;32;0
48;7;16;0;48;0
49;7;16;15;48;0
50;7;16;32;48;0
51;7;16;48;48;0
52;7;16;64;48;0
53;7;16;80;48;0
54;7;16;96;48;0
55;7;16;112;48;0
56;7;16;128;48;0
57;7;16;144;48;0
58;4;16;159;48;0
59;4;16;176;48;0
60;5;16;192;48;0
61;6;16;208;48;0
62;5;16;224;48;0
63;6;16;240;48;0
64;10;16;0;64;0
65;7;16;16;64;0
66;7;16;32;64;0
67;7;16;48;64;0
68;7;16;64;64;0
69;7;16;80;64;0
70;7;16;96;64;0
71;7;16;112;64;0
72;8;16;128;64;0
73;4;16;144;64;0
74;6;16;160;64;0
75;7;16;176;64;0
76;7;16;192;64;0
77;11;16;208;64;0
78;8;16;224;64;0
79;7;16;240;64;0
80;7;16;0;80;0
81;7;16;16;80;0
82;8;16;32;80;0
83;7;16;48;80;0
84;8;16;64;80;0
85;8;16;80;80;0
86;7;16;96;80;0
87;11;16;112;80;0
88;7;16;128;80;0
89;7;16;144;80;0
90;7;16;160;80;0
91;4;16;176;80;0
92;8;16;192;80;0
93;4;16;208;80;0
94;4;16;224;80;0
95;8;16;240;80;0
96;4;16;0;96;0
97;7;16;16;96;0
98;7;16;32;96;0
99;5;16;48;96;0
100;7;16;64;96;0
101;5;16;80;96;0
102;5;16;96;96;0
103;6;16;112;96;0
104;7;16;128;96;0
105;4;16;144;96;0
106;3;16;160;96;0
107;7;16;176;96;0
108;4;16;192;96;0
109;11;16;208;96;0
110;8;16;224;96;0
111;6;16;240;96;0
112;7;16;0;112;0
113;7;16;16;112;0
114;6;16;32;112;0
115;5;16;48;112;0
116;4;16;64;112;0
117;8;16;80;112;0
118;6;16;96;112;0
119;11;16;112;112;0
120;6;16;128;112;0
121;6;16;144;112;0
122;7;16;160;112;0
123;5;16;176;112;0
124;3;16;192;112;0
125;5;16;208;112;0
126;8;16;224;112;0
127;1;1;240;112;0
128;1;1;0;128;0
129;1;1;16;128;0
130;5;16;38;128;0
131;8;16;52;128;0
132;7;16;68;128;0
133;11;16;82;128;0
134;7;16;100;128;0
135;7;16;116;128;0
136;6;16;132;128;0
137;16;16;144;128;0
138;8;16;163;128;0
139;5;16;181;128;0
140;13;16;193;128;0
141;1;1;208;128;0
142;1;1;224;128;0
143;1;1;240;128;0
144;1;1;0;144;0
145;4;16;22;144;0
146;4;16;38;144;0
147;7;16;52;144;0
148;7;16;68;144;0
149;5;16;85;144;0
150;9;16;99;144;0
151;15;16;112;144;0
152;6;16;133;144;0
153;14;16;145;144;0
154;6;16;165;144;0
155;5;16;181;144;0
156;9;16;195;144;0
157;1;1;208;144;0
158;1;1;224;144;0
159;10;16;243;144;0
160;16;16;0;160;0
161;3;16;22;160;0
162;7;16;36;160;0
163;7;16;52;160;0
164;8;16;67;160;0
165;9;16;83;160;0
166;3;16;102;160;0
167;7;16;116;160;0
168;5;16;133;160;0
169;11;16;146;160;0
170;5;16;165;160;0
171;8;16;179;160;0
172;7;16;196;160;0
173;5;16;213;160;0
174;11;16;226;160;0
175;8;16;244;160;0
176;6;16;4;176;0
177;8;16;20;176;0
178;6;16;37;176;0
179;5;16;53;176;0
180;4;16;70;176;0
181;8;16;84;176;0
182;8;16;100;176;0
183;3;16;119;176;0
184;4;16;134;176;0
185;5;16;149;176;0
186;6;16;165;176;0
187;8;16;179;176;0
188;11;16;195;176;0
189;11;16;210;176;0
190;12;16;226;176;0
191;7;16;244;176;0
192;7;16;0;192;0
193;7;16;16;192;0
194;7;16;32;192;0
195;7;16;48;192;0
196;7;16;64;192;0
197;7;16;80;192;0
198;13;16;96;192;0
199;9;16;112;192;0
200;7;16;128;192;0
201;7;16;144;192;0
202;7;16;160;192;0
203;7;16;176;192;0
204;4;16;192;192;0
205;4;16;208;192;0
206;4;16;224;192;0
207;4;16;240;192;0
208;7;16;0;208;0
209;8;16;16;208;0
210;7;16;32;208;0
211;7;16;48;208;0
212;7;16;64;208;0
213;7;16;80;208;0
214;7;16;96;208;0
215;7;16;116;208;0
216;7;16;128;208;0
217;8;16;144;208;0
218;8;16;160;208;0
219;8;16;176;208;0
220;8;16;192;208;0
221;7;16;208;208;0
222;7;16;224;208;0
223;8;16;240;208;0
224;7;16;0;224;0
225;7;16;16;224;0
226;7;16;32;224;0
227;7;16;48;224;0
228;7;16;64;224;0
229;7;16;80;224;0
230;9;16;96;224;0
231;5;16;112;224;0
232;5;16;128;224;0
233;5;16;144;224;0
234;5;16;160;224;0
235;5;16;176;224;0
236;4;16;192;224;0
237;4;16;208;224;0
238;4;16;224;224;0
239;4;16;240;224;0
240;6;16;0;240;0
241;7;16;16;240;0
242;6;16;32;240;0
243;6;16;48;240;0
244;6;16;64;240;0
245;6;16;80;240;0
246;6;16;96;240;0
247;8;16;112;240;0
248;6;16;128;240;0
249;8;16;144;240;0
250;8;16;160;240;0
251;8;16;176;240;0
252;8;16;192;240;0
253;6;16;208;240;0
254;7;16;224;240;0
255;6;16;240;240;0
