box;cell;x0;y0;u0;v0;w;h;clut
g_UiBoxesInventoryWeaponBackground;0;8;16;176;72;8;8;3
g_UiBoxesInventoryWeaponBackground;1;16;16;184;72;8;8;3
g_UiBoxesInventoryWeaponBackground;2;24;16;192;72;8;8;3
g_UiBoxesInventoryWeaponBackground;3;32;16;200;72;8;8;3
g_UiBoxesInventoryWeaponBackground;4;40;16;208;72;8;8;3
g_UiBoxesInventoryWeaponBackground;5;48;16;216;72;8;8;3
g_UiBoxesInventoryWeaponBackground;6;56;16;224;72;8;8;3
g_UiBoxesInventoryWeaponBackground;7;64;16;232;72;8;8;3
g_UiBoxesInventoryWeaponBackground;8;72;16;240;72;8;8;3
g_UiBoxesInventoryWeaponBackground;9;80;16;184;72;8;8;3
g_UiBoxesInventoryWeaponBackground;10;88;16;192;72;8;8;3
g_UiBoxesInventoryWeaponBackground;11;96;16;200;72;8;8;3
g_UiBoxesInventoryWeaponBackground;12;104;16;208;72;8;8;3
g_UiBoxesInventoryWeaponBackground;13;112;16;216;72;8;8;3
g_UiBoxesInventoryWeaponBackground;14;120;16;224;72;8;8;3
g_UiBoxesInventoryWeaponBackground;15;128;16;232;72;8;8;3
g_UiBoxesInventoryWeaponBackground;16;136;16;240;72;8;8;3
g_UiBoxesInventoryWeaponBackground;17;144;16;184;72;8;8;3
g_UiBoxesInventoryWeaponBackground;18;152;16;192;72;8;8;3
g_UiBoxesInventoryWeaponBackground;19;160;16;160;72;8;8;3
g_UiBoxesInventoryWeaponBackground;20;168;16;168;72;8;8;3
g_UiBoxesInventoryWeaponBackground;21;8;24;176;80;8;8;3
g_UiBoxesInventoryWeaponBackground;22;16;24;184;80;8;8;3
g_UiBoxesInventoryWeaponBackground;23;24;24;192;80;8;8;3
g_UiBoxesInventoryWeaponBackground;24;32;24;200;80;8;8;3
g_UiBoxesInventoryWeaponBackground;25;40;24;208;80;8;8;3
g_UiBoxesInventoryWeaponBackground;26;48;24;216;80;8;8;3
g_UiBoxesInventoryWeaponBackground;27;56;24;224;80;8;8;3
g_UiBoxesInventoryWeaponBackground;28;64;24;232;80;8;8;3
g_UiBoxesInventoryWeaponBackground;29;72;24;240;80;8;8;3
g_UiBoxesInventoryWeaponBackground;30;80;24;184;80;8;8;3
g_UiBoxesInventoryWeaponBackground;31;88;24;192;80;8;8;3
g_UiBoxesInventoryWeaponBackground;32;96;24;200;80;8;8;3
g_UiBoxesInventoryWeaponBackground;33;104;24;208;80;8;8;3
g_UiBoxesInventoryWeaponBackground;34;112;24;216;80;8;8;3
g_UiBoxesInventoryWeaponBackground;35;120;24;224;80;8;8;3
g_UiBoxesInventoryWeaponBackground;36;128;24;232;80;8;8;3
g_UiBoxesInventoryWeaponBackground;37;136;24;240;80;8;8;3
g_UiBoxesInventoryWeaponBackground;38;144;24;184;80;8;8;3
g_UiBoxesInventoryWeaponBackground;39;152;24;192;80;8;8;3
g_UiBoxesInventoryWeaponBackground;40;160;24;200;80;8;8;3
g_UiBoxesInventoryWeaponBackground;41;168;24;168;80;8;8;3
g_UiBoxesInventoryWeaponBackground;42;8;32;176;104;8;8;3
g_UiBoxesInventoryWeaponBackground;43;16;32;184;88;8;8;3
g_UiBoxesInventoryWeaponBackground;44;24;32;192;88;8;8;3
g_UiBoxesInventoryWeaponBackground;45;32;32;200;88;8;8;3
g_UiBoxesInventoryWeaponBackground;46;40;32;208;88;8;8;3
g_UiBoxesInventoryWeaponBackground;47;48;32;216;88;8;8;3
g_UiBoxesInventoryWeaponBackground;48;56;32;224;88;8;8;3
g_UiBoxesInventoryWeaponBackground;49;64;32;232;88;8;8;3
g_UiBoxesInventoryWeaponBackground;50;72;32;240;88;8;8;3
g_UiBoxesInventoryWeaponBackground;51;80;32;184;88;8;8;3
g_UiBoxesInventoryWeaponBackground;52;88;32;192;88;8;8;3
g_UiBoxesInventoryWeaponBackground;53;96;32;200;88;8;8;3
g_UiBoxesInventoryWeaponBackground;54;104;32;208;88;8;8;3
g_UiBoxesInventoryWeaponBackground;55;112;32;216;88;8;8;3
g_UiBoxesInventoryWeaponBackground;56;120;32;224;88;8;8;3
g_UiBoxesInventoryWeaponBackground;57;128;32;232;88;8;8;3
g_UiBoxesInventoryWeaponBackground;58;136;32;240;88;8;8;3
g_UiBoxesInventoryWeaponBackground;59;144;32;184;88;8;8;3
g_UiBoxesInventoryWeaponBackground;60;152;32;192;88;8;8;3
g_UiBoxesInventoryWeaponBackground;61;160;32;200;88;8;8;3
g_UiBoxesInventoryWeaponBackground;62;168;32;248;88;8;8;3
g_UiBoxesInventoryWeaponBackground;63;8;40;176;96;8;8;3
g_UiBoxesInventoryWeaponBackground;64;16;40;184;96;8;8;3
g_UiBoxesInventoryWeaponBackground;65;24;40;192;96;8;8;3
g_UiBoxesInventoryWeaponBackground;66;32;40;200;96;8;8;3
g_UiBoxesInventoryWeaponBackground;67;40;40;208;96;8;8;3
g_UiBoxesInventoryWeaponBackground;68;48;40;216;96;8;8;3
g_UiBoxesInventoryWeaponBackground;69;56;40;224;96;8;8;3
g_UiBoxesInventoryWeaponBackground;70;64;40;232;96;8;8;3
g_UiBoxesInventoryWeaponBackground;71;72;40;240;96;8;8;3
g_UiBoxesInventoryWeaponBackground;72;80;40;184;96;8;8;3
g_UiBoxesInventoryWeaponBackground;73;88;40;192;96;8;8;3
g_UiBoxesInventoryWeaponBackground;74;96;40;200;96;8;8;3
g_UiBoxesInventoryWeaponBackground;75;104;40;208;96;8;8;3
g_UiBoxesInventoryWeaponBackground;76;112;40;216;96;8;8;3
g_UiBoxesInventoryWeaponBackground;77;120;40;224;96;8;8;3
g_UiBoxesInventoryWeaponBackground;78;128;40;232;96;8;8;3
g_UiBoxesInventoryWeaponBackground;79;136;40;240;96;8;8;3
g_UiBoxesInventoryWeaponBackground;80;144;40;184;96;8;8;3
g_UiBoxesInventoryWeaponBackground;81;152;40;192;96;8;8;3
g_UiBoxesInventoryWeaponBackground;82;160;40;200;96;8;8;3
g_UiBoxesInventoryWeaponBackground;83;168;40;248;104;8;8;3
g_UiBoxesInventoryWeaponBackground;84;8;48;176;120;8;8;3
g_UiBoxesInventoryWeaponBackground;85;16;48;184;104;8;8;3
g_UiBoxesInventoryWeaponBackground;86;24;48;192;104;8;8;3
g_UiBoxesInventoryWeaponBackground;87;32;48;200;104;8;8;3
g_UiBoxesInventoryWeaponBackground;88;40;48;208;104;8;8;3
g_UiBoxesInventoryWeaponBackground;89;48;48;216;104;8;8;3
g_UiBoxesInventoryWeaponBackground;90;56;48;224;104;8;8;3
g_UiBoxesInventoryWeaponBackground;91;64;48;232;104;8;8;3
g_UiBoxesInventoryWeaponBackground;92;72;48;240;104;8;8;3
g_UiBoxesInventoryWeaponBackground;93;80;48;184;104;8;8;3
g_UiBoxesInventoryWeaponBackground;94;88;48;192;104;8;8;3
g_UiBoxesInventoryWeaponBackground;95;96;48;200;104;8;8;3
g_UiBoxesInventoryWeaponBackground;96;104;48;208;104;8;8;3
g_UiBoxesInventoryWeaponBackground;97;112;48;216;104;8;8;3
g_UiBoxesInventoryWeaponBackground;98;120;48;224;104;8;8;3
g_UiBoxesInventoryWeaponBackground;99;128;48;232;104;8;8;3
g_UiBoxesInventoryWeaponBackground;100;136;48;240;104;8;8;3
g_UiBoxesInventoryWeaponBackground;101;144;48;184;104;8;8;3
g_UiBoxesInventoryWeaponBackground;102;152;48;192;104;8;8;3
g_UiBoxesInventoryWeaponBackground;103;160;48;200;104;8;8;3
g_UiBoxesInventoryWeaponBackground;104;168;48;248;120;8;8;3
g_UiBoxesInventoryWeaponBackground;105;8;56;176;128;8;8;3
g_UiBoxesInventoryWeaponBackground;106;16;56;216;128;8;8;3
g_UiBoxesInventoryWeaponBackground;107;24;56;200;128;8;8;3
g_UiBoxesInventoryWeaponBackground;108;32;56;208;128;8;8;3
g_UiBoxesInventoryWeaponBackground;109;40;56;216;128;8;8;3
g_UiBoxesInventoryWeaponBackground;110;48;56;224;128;8;8;3
g_UiBoxesInventoryWeaponBackground;111;56;56;232;128;8;8;3
g_UiBoxesInventoryWeaponBackground;112;64;56;192;128;8;8;3
g_UiBoxesInventoryWeaponBackground;113;72;56;200;128;8;8;3
g_UiBoxesInventoryWeaponBackground;114;80;56;208;128;8;8;3
g_UiBoxesInventoryWeaponBackground;115;88;56;216;128;8;8;3
g_UiBoxesInventoryWeaponBackground;116;96;56;224;128;8;8;3
g_UiBoxesInventoryWeaponBackground;117;104;56;232;128;8;8;3
g_UiBoxesInventoryWeaponBackground;118;112;56;216;128;8;8;3
g_UiBoxesInventoryWeaponBackground;119;120;56;192;128;8;8;3
g_UiBoxesInventoryWeaponBackground;120;128;56;200;128;8;8;3
g_UiBoxesInventoryWeaponBackground;121;136;56;208;128;8;8;3
g_UiBoxesInventoryWeaponBackground;122;144;56;216;128;8;8;3
g_UiBoxesInventoryWeaponBackground;123;152;56;224;128;8;8;3
g_UiBoxesInventoryWeaponBackground;124;160;56;232;128;8;8;3
g_UiBoxesInventoryWeaponBackground;125;168;56;248;128;8;8;3
g_UiBoxesInventoryItemBackground;0;8;64;176;72;8;8;3
g_UiBoxesInventoryItemBackground;1;16;64;184;72;8;8;3
g_UiBoxesInventoryItemBackground;2;24;64;192;72;8;8;3
g_UiBoxesInventoryItemBackground;3;32;64;200;72;8;8;3
g_UiBoxesInventoryItemBackground;4;40;64;208;72;8;8;3
g_UiBoxesInventoryItemBackground;5;48;64;216;72;8;8;3
g_UiBoxesInventoryItemBackground;6;56;64;224;72;8;8;3
g_UiBoxesInventoryItemBackground;7;64;64;232;72;8;8;3
g_UiBoxesInventoryItemBackground;8;72;64;240;72;8;8;3
g_UiBoxesInventoryItemBackground;9;80;64;184;72;8;8;3
g_UiBoxesInventoryItemBackground;10;88;64;192;72;8;8;3
g_UiBoxesInventoryItemBackground;11;96;64;200;72;8;8;3
g_UiBoxesInventoryItemBackground;12;104;64;208;72;8;8;3
g_UiBoxesInventoryItemBackground;13;112;64;216;72;8;8;3
g_UiBoxesInventoryItemBackground;14;120;64;224;72;8;8;3
g_UiBoxesInventoryItemBackground;15;128;64;232;72;8;8;3
g_UiBoxesInventoryItemBackground;16;136;64;240;72;8;8;3
g_UiBoxesInventoryItemBackground;17;144;64;184;72;8;8;3
g_UiBoxesInventoryItemBackground;18;152;64;192;72;8;8;3
g_UiBoxesInventoryItemBackground;19;160;64;160;72;8;8;3
g_UiBoxesInventoryItemBackground;20;168;64;168;72;8;8;3
g_UiBoxesInventoryItemBackground;21;8;72;176;88;8;8;3
g_UiBoxesInventoryItemBackground;22;16;72;184;88;8;8;3
g_UiBoxesInventoryItemBackground;23;24;72;192;88;8;8;3
g_UiBoxesInventoryItemBackground;24;32;72;200;88;8;8;3
g_UiBoxesInventoryItemBackground;25;40;72;208;88;8;8;3
g_UiBoxesInventoryItemBackground;26;48;72;216;88;8;8;3
g_UiBoxesInventoryItemBackground;27;56;72;224;88;8;8;3
g_UiBoxesInventoryItemBackground;28;64;72;232;88;8;8;3
g_UiBoxesInventoryItemBackground;29;72;72;240;88;8;8;3
g_UiBoxesInventoryItemBackground;30;80;72;184;88;8;8;3
g_UiBoxesInventoryItemBackground;31;88;72;192;88;8;8;3
g_UiBoxesInventoryItemBackground;32;96;72;200;88;8;8;3
g_UiBoxesInventoryItemBackground;33;104;72;208;88;8;8;3
g_UiBoxesInventoryItemBackground;34;112;72;216;88;8;8;3
g_UiBoxesInventoryItemBackground;35;120;72;224;88;8;8;3
g_UiBoxesInventoryItemBackground;36;128;72;232;88;8;8;3
g_UiBoxesInventoryItemBackground;37;136;72;240;88;8;8;3
g_UiBoxesInventoryItemBackground;38;144;72;184;88;8;8;3
g_UiBoxesInventoryItemBackground;39;152;72;192;88;8;8;3
g_UiBoxesInventoryItemBackground;40;160;72;200;88;8;8;3
g_UiBoxesInventoryItemBackground;41;168;72;168;88;8;8;3
g_UiBoxesInventoryItemBackground;42;8;80;176;96;8;8;3
g_UiBoxesInventoryItemBackground;43;16;80;184;96;8;8;3
g_UiBoxesInventoryItemBackground;44;24;80;192;96;8;8;3
g_UiBoxesInventoryItemBackground;45;32;80;200;96;8;8;3
g_UiBoxesInventoryItemBackground;46;40;80;208;96;8;8;3
g_UiBoxesInventoryItemBackground;47;48;80;216;96;8;8;3
g_UiBoxesInventoryItemBackground;48;56;80;224;96;8;8;3
g_UiBoxesInventoryItemBackground;49;64;80;232;96;8;8;3
g_UiBoxesInventoryItemBackground;50;72;80;240;96;8;8;3
g_UiBoxesInventoryItemBackground;51;80;80;184;96;8;8;3
g_UiBoxesInventoryItemBackground;52;88;80;192;96;8;8;3
g_UiBoxesInventoryItemBackground;53;96;80;200;96;8;8;3
g_UiBoxesInventoryItemBackground;54;104;80;208;96;8;8;3
g_UiBoxesInventoryItemBackground;55;112;80;216;96;8;8;3
g_UiBoxesInventoryItemBackground;56;120;80;224;96;8;8;3
g_UiBoxesInventoryItemBackground;57;128;80;232;96;8;8;3
g_UiBoxesInventoryItemBackground;58;136;80;240;96;8;8;3
g_UiBoxesInventoryItemBackground;59;144;80;184;96;8;8;3
g_UiBoxesInventoryItemBackground;60;152;80;192;96;8;8;3
g_UiBoxesInventoryItemBackground;61;160;80;200;96;8;8;3
g_UiBoxesInventoryItemBackground;62;168;80;168;96;8;8;3
g_UiBoxesInventoryItemBackground;63;8;88;176;104;8;8;3
g_UiBoxesInventoryItemBackground;64;16;88;184;104;8;8;3
g_UiBoxesInventoryItemBackground;65;24;88;192;104;8;8;3
g_UiBoxesInventoryItemBackground;66;32;88;200;104;8;8;3
g_UiBoxesInventoryItemBackground;67;40;88;208;104;8;8;3
g_UiBoxesInventoryItemBackground;68;48;88;216;104;8;8;3
g_UiBoxesInventoryItemBackground;69;56;88;224;104;8;8;3
g_UiBoxesInventoryItemBackground;70;64;88;232;104;8;8;3
g_UiBoxesInventoryItemBackground;71;72;88;240;104;8;8;3
g_UiBoxesInventoryItemBackground;72;80;88;184;104;8;8;3
g_UiBoxesInventoryItemBackground;73;88;88;192;104;8;8;3
g_UiBoxesInventoryItemBackground;74;96;88;200;104;8;8;3
g_UiBoxesInventoryItemBackground;75;104;88;208;104;8;8;3
g_UiBoxesInventoryItemBackground;76;112;88;216;104;8;8;3
g_UiBoxesInventoryItemBackground;77;120;88;224;104;8;8;3
g_UiBoxesInventoryItemBackground;78;128;88;232;104;8;8;3
g_UiBoxesInventoryItemBackground;79;136;88;240;104;8;8;3
g_UiBoxesInventoryItemBackground;80;144;88;184;104;8;8;3
g_UiBoxesInventoryItemBackground;81;152;88;192;104;8;8;3
g_UiBoxesInventoryItemBackground;82;160;88;200;104;8;8;3
g_UiBoxesInventoryItemBackground;83;168;88;168;104;8;8;3
g_UiBoxesInventoryItemBackground;84;8;96;176;112;8;8;3
g_UiBoxesInventoryItemBackground;85;16;96;184;112;8;8;3
g_UiBoxesInventoryItemBackground;86;24;96;192;112;8;8;3
g_UiBoxesInventoryItemBackground;87;32;96;200;112;8;8;3
g_UiBoxesInventoryItemBackground;88;40;96;208;112;8;8;3
g_UiBoxesInventoryItemBackground;89;48;96;216;112;8;8;3
g_UiBoxesInventoryItemBackground;90;56;96;224;112;8;8;3
g_UiBoxesInventoryItemBackground;91;64;96;232;112;8;8;3
g_UiBoxesInventoryItemBackground;92;72;96;240;112;8;8;3
g_UiBoxesInventoryItemBackground;93;80;96;184;112;8;8;3
g_UiBoxesInventoryItemBackground;94;88;96;192;112;8;8;3
g_UiBoxesInventoryItemBackground;95;96;96;200;112;8;8;3
g_UiBoxesInventoryItemBackground;96;104;96;208;112;8;8;3
g_UiBoxesInventoryItemBackground;97;112;96;216;112;8;8;3
g_UiBoxesInventoryItemBackground;98;120;96;224;112;8;8;3
g_UiBoxesInventoryItemBackground;99;128;96;232;112;8;8;3
g_UiBoxesInventoryItemBackground;100;136;96;240;112;8;8;3
g_UiBoxesInventoryItemBackground;101;144;96;184;112;8;8;3
g_UiBoxesInventoryItemBackground;102;152;96;192;112;8;8;3
g_UiBoxesInventoryItemBackground;103;160;96;200;112;8;8;3
g_UiBoxesInventoryItemBackground;104;168;96;168;112;8;8;3
g_UiBoxesInventoryItemBackground;105;8;104;176;120;8;8;3
g_UiBoxesInventoryItemBackground;106;16;104;184;120;8;8;3
g_UiBoxesInventoryItemBackground;107;24;104;192;120;8;8;3
g_UiBoxesInventoryItemBackground;108;32;104;200;120;8;8;3
g_UiBoxesInventoryItemBackground;109;40;104;208;120;8;8;3
g_UiBoxesInventoryItemBackground;110;48;104;216;120;8;8;3
g_UiBoxesInventoryItemBackground;111;56;104;224;120;8;8;3
g_UiBoxesInventoryItemBackground;112;64;104;232;120;8;8;3
g_UiBoxesInventoryItemBackground;113;72;104;240;120;8;8;3
g_UiBoxesInventoryItemBackground;114;80;104;184;120;8;8;3
g_UiBoxesInventoryItemBackground;115;88;104;192;120;8;8;3
g_UiBoxesInventoryItemBackground;116;96;104;200;120;8;8;3
g_UiBoxesInventoryItemBackground;117;104;104;208;120;8;8;3
g_UiBoxesInventoryItemBackground;118;112;104;216;120;8;8;3
g_UiBoxesInventoryItemBackground;119;120;104;224;120;8;8;3
g_UiBoxesInventoryItemBackground;120;128;104;232;120;8;8;3
g_UiBoxesInventoryItemBackground;121;136;104;240;120;8;8;3
g_UiBoxesInventoryItemBackground;122;144;104;184;120;8;8;3
g_UiBoxesInventoryItemBackground;123;152;104;192;120;8;8;3
g_UiBoxesInventoryItemBackground;124;160;104;200;120;8;8;3
g_UiBoxesInventoryItemBackground;125;168;104;168;120;8;8;3
g_UiBoxesInventoryItemBackground;126;8;112;176;80;8;8;3
g_UiBoxesInventoryItemBackground;127;16;112;184;80;8;8;3
g_UiBoxesInventoryItemBackground;128;24;112;192;80;8;8;3
g_UiBoxesInventoryItemBackground;129;32;112;200;80;8;8;3
g_UiBoxesInventoryItemBackground;130;40;112;208;80;8;8;3
g_UiBoxesInventoryItemBackground;131;48;112;216;80;8;8;3
g_UiBoxesInventoryItemBackground;132;56;112;224;80;8;8;3
g_UiBoxesInventoryItemBackground;133;64;112;232;80;8;8;3
g_UiBoxesInventoryItemBackground;134;72;112;240;80;8;8;3
g_UiBoxesInventoryItemBackground;135;80;112;184;80;8;8;3
g_UiBoxesInventoryItemBackground;136;88;112;192;80;8;8;3
g_UiBoxesInventoryItemBackground;137;96;112;200;80;8;8;3
g_UiBoxesInventoryItemBackground;138;104;112;208;80;8;8;3
g_UiBoxesInventoryItemBackground;139;112;112;216;80;8;8;3
g_UiBoxesInventoryItemBackground;140;120;112;224;80;8;8;3
g_UiBoxesInventoryItemBackground;141;128;112;232;80;8;8;3
g_UiBoxesInventoryItemBackground;142;136;112;240;80;8;8;3
g_UiBoxesInventoryItemBackground;143;144;112;184;80;8;8;3
g_UiBoxesInventoryItemBackground;144;152;112;192;80;8;8;3
g_UiBoxesInventoryItemBackground;145;160;112;200;80;8;8;3
g_UiBoxesInventoryItemBackground;146;168;112;168;80;8;8;3
g_UiBoxesInventoryItemBackground;147;8;120;176;88;8;8;3
g_UiBoxesInventoryItemBackground;148;16;120;184;88;8;8;3
g_UiBoxesInventoryItemBackground;149;24;120;192;88;8;8;3
g_UiBoxesInventoryItemBackground;150;32;120;200;88;8;8;3
g_UiBoxesInventoryItemBackground;151;40;120;208;88;8;8;3
g_UiBoxesInventoryItemBackground;152;48;120;216;88;8;8;3
g_UiBoxesInventoryItemBackground;153;56;120;224;88;8;8;3
g_UiBoxesInventoryItemBackground;154;64;120;232;88;8;8;3
g_UiBoxesInventoryItemBackground;155;72;120;240;88;8;8;3
g_UiBoxesInventoryItemBackground;156;80;120;184;88;8;8;3
g_UiBoxesInventoryItemBackground;157;88;120;192;88;8;8;3
g_UiBoxesInventoryItemBackground;158;96;120;200;88;8;8;3
g_UiBoxesInventoryItemBackground;159;104;120;208;88;8;8;3
g_UiBoxesInventoryItemBackground;160;112;120;216;88;8;8;3
g_UiBoxesInventoryItemBackground;161;120;120;224;88;8;8;3
g_UiBoxesInventoryItemBackground;162;128;120;232;88;8;8;3
g_UiBoxesInventoryItemBackground;163;136;120;240;88;8;8;3
g_UiBoxesInventoryItemBackground;164;144;120;184;88;8;8;3
g_UiBoxesInventoryItemBackground;165;152;120;192;88;8;8;3
g_UiBoxesInventoryItemBackground;166;160;120;200;88;8;8;3
g_UiBoxesInventoryItemBackground;167;168;120;168;88;8;8;3
g_UiBoxesInventoryItemBackground;168;8;128;176;96;8;8;3
g_UiBoxesInventoryItemBackground;169;16;128;184;96;8;8;3
g_UiBoxesInventoryItemBackground;170;24;128;192;96;8;8;3
g_UiBoxesInventoryItemBackground;171;32;128;200;96;8;8;3
g_UiBoxesInventoryItemBackground;172;40;128;208;96;8;8;3
g_UiBoxesInventoryItemBackground;173;48;128;216;96;8;8;3
g_UiBoxesInventoryItemBackground;174;56;128;224;96;8;8;3
g_UiBoxesInventoryItemBackground;175;64;128;232;96;8;8;3
g_UiBoxesInventoryItemBackground;176;72;128;240;96;8;8;3
g_UiBoxesInventoryItemBackground;177;80;128;184;96;8;8;3
g_UiBoxesInventoryItemBackground;178;88;128;192;96;8;8;3
g_UiBoxesInventoryItemBackground;179;96;128;200;96;8;8;3
g_UiBoxesInventoryItemBackground;180;104;128;208;96;8;8;3
g_UiBoxesInventoryItemBackground;181;112;128;216;96;8;8;3
g_UiBoxesInventoryItemBackground;182;120;128;224;96;8;8;3
g_UiBoxesInventoryItemBackground;183;128;128;232;96;8;8;3
g_UiBoxesInventoryItemBackground;184;136;128;240;96;8;8;3
g_UiBoxesInventoryItemBackground;185;144;128;184;96;8;8;3
g_UiBoxesInventoryItemBackground;186;152;128;192;96;8;8;3
g_UiBoxesInventoryItemBackground;187;160;128;200;96;8;8;3
g_UiBoxesInventoryItemBackground;188;168;128;168;96;8;8;3
g_UiBoxesInventoryItemBackground;189;8;136;176;104;8;8;3
g_UiBoxesInventoryItemBackground;190;16;136;184;104;8;8;3
g_UiBoxesInventoryItemBackground;191;24;136;192;104;8;8;3
g_UiBoxesInventoryItemBackground;192;32;136;200;104;8;8;3
g_UiBoxesInventoryItemBackground;193;40;136;208;104;8;8;3
g_UiBoxesInventoryItemBackground;194;48;136;216;104;8;8;3
g_UiBoxesInventoryItemBackground;195;56;136;224;104;8;8;3
g_UiBoxesInventoryItemBackground;196;64;136;232;104;8;8;3
g_UiBoxesInventoryItemBackground;197;72;136;240;104;8;8;3
g_UiBoxesInventoryItemBackground;198;80;136;184;104;8;8;3
g_UiBoxesInventoryItemBackground;199;88;136;192;104;8;8;3
g_UiBoxesInventoryItemBackground;200;96;136;200;104;8;8;3
g_UiBoxesInventoryItemBackground;201;104;136;208;104;8;8;3
g_UiBoxesInventoryItemBackground;202;112;136;216;104;8;8;3
g_UiBoxesInventoryItemBackground;203;120;136;224;104;8;8;3
g_UiBoxesInventoryItemBackground;204;128;136;232;104;8;8;3
g_UiBoxesInventoryItemBackground;205;136;136;240;104;8;8;3
g_UiBoxesInventoryItemBackground;206;144;136;184;104;8;8;3
g_UiBoxesInventoryItemBackground;207;152;136;192;104;8;8;3
g_UiBoxesInventoryItemBackground;208;160;136;200;104;8;8;3
g_UiBoxesInventoryItemBackground;209;168;136;168;104;8;8;3
g_UiBoxesInventoryItemBackground;210;8;144;176;112;8;8;3
g_UiBoxesInventoryItemBackground;211;16;144;184;112;8;8;3
g_UiBoxesInventoryItemBackground;212;24;144;192;112;8;8;3
g_UiBoxesInventoryItemBackground;213;32;144;200;112;8;8;3
g_UiBoxesInventoryItemBackground;214;40;144;208;112;8;8;3
g_UiBoxesInventoryItemBackground;215;48;144;216;112;8;8;3
g_UiBoxesInventoryItemBackground;216;56;144;224;112;8;8;3
g_UiBoxesInventoryItemBackground;217;64;144;232;112;8;8;3
g_UiBoxesInventoryItemBackground;218;72;144;240;112;8;8;3
g_UiBoxesInventoryItemBackground;219;80;144;184;112;8;8;3
g_UiBoxesInventoryItemBackground;220;88;144;192;112;8;8;3
g_UiBoxesInventoryItemBackground;221;96;144;200;112;8;8;3
g_UiBoxesInventoryItemBackground;222;104;144;208;112;8;8;3
g_UiBoxesInventoryItemBackground;223;112;144;216;112;8;8;3
g_UiBoxesInventoryItemBackground;224;120;144;224;112;8;8;3
g_UiBoxesInventoryItemBackground;225;128;144;232;112;8;8;3
g_UiBoxesInventoryItemBackground;226;136;144;240;112;8;8;3
g_UiBoxesInventoryItemBackground;227;144;144;184;112;8;8;3
g_UiBoxesInventoryItemBackground;228;152;144;192;112;8;8;3
g_UiBoxesInventoryItemBackground;229;160;144;200;112;8;8;3
g_UiBoxesInventoryItemBackground;230;168;144;168;112;8;8;3
g_UiBoxesInventoryItemBackground;231;8;152;176;120;8;8;3
g_UiBoxesInventoryItemBackground;232;16;152;184;120;8;8;3
g_UiBoxesInventoryItemBackground;233;24;152;192;120;8;8;3
g_UiBoxesInventoryItemBackground;234;32;152;200;120;8;8;3
g_UiBoxesInventoryItemBackground;235;40;152;208;120;8;8;3
g_UiBoxesInventoryItemBackground;236;48;152;216;120;8;8;3
g_UiBoxesInventoryItemBackground;237;56;152;224;120;8;8;3
g_UiBoxesInventoryItemBackground;238;64;152;232;120;8;8;3
g_UiBoxesInventoryItemBackground;239;72;152;240;120;8;8;3
g_UiBoxesInventoryItemBackground;240;80;152;184;120;8;8;3
g_UiBoxesInventoryItemBackground;241;88;152;192;120;8;8;3
g_UiBoxesInventoryItemBackground;242;96;152;200;120;8;8;3
g_UiBoxesInventoryItemBackground;243;104;152;208;120;8;8;3
g_UiBoxesInventoryItemBackground;244;112;152;216;120;8;8;3
g_UiBoxesInventoryItemBackground;245;120;152;224;120;8;8;3
g_UiBoxesInventoryItemBackground;246;128;152;232;120;8;8;3
g_UiBoxesInventoryItemBackground;247;136;152;240;120;8;8;3
g_UiBoxesInventoryItemBackground;248;144;152;184;120;8;8;3
g_UiBoxesInventoryItemBackground;249;152;152;192;120;8;8;3
g_UiBoxesInventoryItemBackground;250;160;152;200;120;8;8;3
g_UiBoxesInventoryItemBackground;251;168;152;168;120;8;8;3
g_UiBoxesInventoryItemBackground;252;8;160;176;128;8;8;3
g_UiBoxesInventoryItemBackground;253;16;160;184;128;8;8;3
g_UiBoxesInventoryItemBackground;254;24;160;192;128;8;8;3
g_UiBoxesInventoryItemBackground;255;32;160;200;128;8;8;3
g_UiBoxesInventoryItemBackground;256;40;160;208;128;8;8;3
g_UiBoxesInventoryItemBackground;257;48;160;216;128;8;8;3
g_UiBoxesInventoryItemBackground;258;56;160;224;128;8;8;3
g_UiBoxesInventoryItemBackground;259;64;160;232;128;8;8;3
g_UiBoxesInventoryItemBackground;260;72;160;240;128;8;8;3
g_UiBoxesInventoryItemBackground;261;80;160;184;128;8;8;3
g_UiBoxesInventoryItemBackground;262;88;160;192;128;8;8;3
g_UiBoxesInventoryItemBackground;263;96;160;200;128;8;8;3
g_UiBoxesInventoryItemBackground;264;104;160;208;128;8;8;3
g_UiBoxesInventoryItemBackground;265;112;160;216;128;8;8;3
g_UiBoxesInventoryItemBackground;266;120;160;224;128;8;8;3
g_UiBoxesInventoryItemBackground;267;128;160;232;128;8;8;3
g_UiBoxesInventoryItemBackground;268;136;160;192;128;8;8;3
g_UiBoxesInventoryItemBackground;269;144;160;200;128;8;8;3
g_UiBoxesInventoryItemBackground;270;152;160;208;128;8;8;3
g_UiBoxesInventoryItemBackground;271;160;160;216;128;8;8;3
g_UiBoxesInventoryItemBackground;272;168;160;248;128;8;8;3
g_UiBoxesInventoryWeaponNameBackground;0;176;16;224;0;8;8;0
g_UiBoxesInventoryWeaponNameBackground;1;184;16;232;0;8;8;0
g_UiBoxesInventoryWeaponNameBackground;2;192;16;240;0;8;8;0
g_UiBoxesInventoryWeaponNameBackground;3;200;16;120;0;8;8;0
g_UiBoxesInventoryWeaponNameBackground;4;208;16;128;0;8;8;0
g_UiBoxesInventoryWeaponNameBackground;5;216;16;136;0;8;8;0
g_UiBoxesInventoryWeaponNameBackground;6;224;16;144;0;8;8;0
g_UiBoxesInventoryWeaponNameBackground;7;232;16;152;0;8;8;0
g_UiBoxesInventoryWeaponNameBackground;8;240;16;160;0;8;8;0
g_UiBoxesInventoryWeaponNameBackground;9;248;16;168;0;8;8;0
g_UiBoxesInventoryWeaponNameBackground;10;256;16;176;0;8;8;0
g_UiBoxesInventoryWeaponNameBackground;11;264;16;184;0;8;8;0
g_UiBoxesInventoryWeaponNameBackground;12;272;16;192;0;8;8;0
g_UiBoxesInventoryWeaponNameBackground;13;280;16;120;0;8;8;0
g_UiBoxesInventoryWeaponNameBackground;14;288;16;128;0;8;8;0
g_UiBoxesInventoryWeaponNameBackground;15;296;16;224;24;8;8;0
g_UiBoxesInventoryWeaponNameBackground;16;304;16;232;24;8;8;0
g_UiBoxesInventoryWeaponNameBackground;17;312;16;240;24;8;8;0
g_UiBoxesInventoryWeaponNameBackground;18;176;24;224;8;8;8;0
g_UiBoxesInventoryWeaponNameBackground;19;184;24;232;8;8;8;0
g_UiBoxesInventoryWeaponNameBackground;20;192;24;240;8;8;8;0
g_UiBoxesInventoryWeaponNameBackground;21;200;24;16;0;8;8;0
g_UiBoxesInventoryWeaponNameBackground;22;208;24;24;0;8;8;0
g_UiBoxesInventoryWeaponNameBackground;23;216;24;32;0;8;8;0
g_UiBoxesInventoryWeaponNameBackground;24;224;24;40;0;8;8;0
g_UiBoxesInventoryWeaponNameBackground;25;232;24;48;0;8;8;0
g_UiBoxesInventoryWeaponNameBackground;26;240;24;56;0;8;8;0
g_UiBoxesInventoryWeaponNameBackground;27;248;24;64;0;8;8;0
g_UiBoxesInventoryWeaponNameBackground;28;256;24;72;0;8;8;0
g_UiBoxesInventoryWeaponNameBackground;29;264;24;80;0;8;8;0
g_UiBoxesInventoryWeaponNameBackground;30;272;24;88;0;8;8;0
g_UiBoxesInventoryWeaponNameBackground;31;280;24;16;0;8;8;0
g_UiBoxesInventoryWeaponNameBackground;32;288;24;24;0;8;8;0
g_UiBoxesInventoryWeaponNameBackground;33;296;24;224;32;8;8;0
g_UiBoxesInventoryWeaponNameBackground;34;304;24;232;32;8;8;0
g_UiBoxesInventoryWeaponNameBackground;35;312;24;240;32;8;8;0
g_UiBoxesInventoryWeaponNameBackground;36;176;32;96;24;8;8;0
g_UiBoxesInventoryWeaponNameBackground;37;184;32;104;24;8;8;0
g_UiBoxesInventoryWeaponNameBackground;38;192;32;112;24;8;8;0
g_UiBoxesInventoryWeaponNameBackground;39;200;32;16;8;8;8;0
g_UiBoxesInventoryWeaponNameBackground;40;208;32;24;8;8;8;0
g_UiBoxesInventoryWeaponNameBackground;41;216;32;32;8;8;8;0
g_UiBoxesInventoryWeaponNameBackground;42;224;32;40;8;8;8;0
g_UiBoxesInventoryWeaponNameBackground;43;232;32;48;8;8;8;0
g_UiBoxesInventoryWeaponNameBackground;44;240;32;56;8;8;8;0
g_UiBoxesInventoryWeaponNameBackground;45;248;32;64;8;8;8;0
g_UiBoxesInventoryWeaponNameBackground;46;256;32;72;8;8;8;0
g_UiBoxesInventoryWeaponNameBackground;47;264;32;80;8;8;8;0
g_UiBoxesInventoryWeaponNameBackground;48;272;32;88;8;8;8;0
g_UiBoxesInventoryWeaponNameBackground;49;280;32;16;8;8;8;0
g_UiBoxesInventoryWeaponNameBackground;50;288;32;24;8;8;8;0
g_UiBoxesInventoryWeaponNameBackground;51;296;32;200;24;8;8;0
g_UiBoxesInventoryWeaponNameBackground;52;304;32;208;24;8;8;0
g_UiBoxesInventoryWeaponNameBackground;53;312;32;216;24;8;8;0
g_UiBoxesInventoryWeaponNameBackground;54;176;40;96;32;8;8;0
g_UiBoxesInventoryWeaponNameBackground;55;184;40;104;32;8;8;0
g_UiBoxesInventoryWeaponNameBackground;56;192;40;112;32;8;8;0
g_UiBoxesInventoryWeaponNameBackground;57;200;40;120;32;8;8;0
g_UiBoxesInventoryWeaponNameBackground;58;208;40;128;32;8;8;0
g_UiBoxesInventoryWeaponNameBackground;59;216;40;136;32;8;8;0
g_UiBoxesInventoryWeaponNameBackground;60;224;40;144;32;8;8;0
g_UiBoxesInventoryWeaponNameBackground;61;232;40;152;32;8;8;0
g_UiBoxesInventoryWeaponNameBackground;62;240;40;160;32;8;8;0
g_UiBoxesInventoryWeaponNameBackground;63;248;40;168;32;8;8;0
g_UiBoxesInventoryWeaponNameBackground;64;256;40;176;32;8;8;0
g_UiBoxesInventoryWeaponNameBackground;65;264;40;184;32;8;8;0
g_UiBoxesInventoryWeaponNameBackground;66;272;40;192;32;8;8;0
g_UiBoxesInventoryWeaponNameBackground;67;280;40;120;32;8;8;0
g_UiBoxesInventoryWeaponNameBackground;68;288;40;128;32;8;8;0
g_UiBoxesInventoryWeaponNameBackground;69;296;40;200;32;8;8;0
g_UiBoxesInventoryWeaponNameBackground;70;304;40;208;32;8;8;0
g_UiBoxesInventoryWeaponNameBackground;71;312;40;216;32;8;8;0
g_UiBoxesInventoryItemNameBackground;0;176;64;224;0;8;8;0
g_UiBoxesInventoryItemNameBackground;1;184;64;232;0;8;8;0
g_UiBoxesInventoryItemNameBackground;2;192;64;240;0;8;8;0
g_UiBoxesInventoryItemNameBackground;3;200;64;120;0;8;8;0
g_UiBoxesInventoryItemNameBackground;4;208;64;128;0;8;8;0
g_UiBoxesInventoryItemNameBackground;5;216;64;136;0;8;8;0
g_UiBoxesInventoryItemNameBackground;6;224;64;144;0;8;8;0
g_UiBoxesInventoryItemNameBackground;7;232;64;152;0;8;8;0
g_UiBoxesInventoryItemNameBackground;8;240;64;160;0;8;8;0
g_UiBoxesInventoryItemNameBackground;9;248;64;168;0;8;8;0
g_UiBoxesInventoryItemNameBackground;10;256;64;176;0;8;8;0
g_UiBoxesInventoryItemNameBackground;11;264;64;184;0;8;8;0
g_UiBoxesInventoryItemNameBackground;12;272;64;192;0;8;8;0
g_UiBoxesInventoryItemNameBackground;13;280;64;120;0;8;8;0
g_UiBoxesInventoryItemNameBackground;14;288;64;128;0;8;8;0
g_UiBoxesInventoryItemNameBackground;15;296;64;224;24;8;8;0
g_UiBoxesInventoryItemNameBackground;16;304;64;232;24;8;8;0
g_UiBoxesInventoryItemNameBackground;17;312;64;240;24;8;8;0
g_UiBoxesInventoryItemNameBackground;18;176;72;224;8;8;8;0
g_UiBoxesInventoryItemNameBackground;19;184;72;232;8;8;8;0
g_UiBoxesInventoryItemNameBackground;20;192;72;240;8;8;8;0
g_UiBoxesInventoryItemNameBackground;21;200;72;16;0;8;8;0
g_UiBoxesInventoryItemNameBackground;22;208;72;24;0;8;8;0
g_UiBoxesInventoryItemNameBackground;23;216;72;32;0;8;8;0
g_UiBoxesInventoryItemNameBackground;24;224;72;40;0;8;8;0
g_UiBoxesInventoryItemNameBackground;25;232;72;48;0;8;8;0
g_UiBoxesInventoryItemNameBackground;26;240;72;56;0;8;8;0
g_UiBoxesInventoryItemNameBackground;27;248;72;64;0;8;8;0
g_UiBoxesInventoryItemNameBackground;28;256;72;72;0;8;8;0
g_UiBoxesInventoryItemNameBackground;29;264;72;80;0;8;8;0
g_UiBoxesInventoryItemNameBackground;30;272;72;88;0;8;8;0
g_UiBoxesInventoryItemNameBackground;31;280;72;16;0;8;8;0
g_UiBoxesInventoryItemNameBackground;32;288;72;24;0;8;8;0
g_UiBoxesInventoryItemNameBackground;33;296;72;224;32;8;8;0
g_UiBoxesInventoryItemNameBackground;34;304;72;232;32;8;8;0
g_UiBoxesInventoryItemNameBackground;35;312;72;240;32;8;8;0
g_UiBoxesInventoryItemNameBackground;36;176;80;96;24;8;8;0
g_UiBoxesInventoryItemNameBackground;37;184;80;104;24;8;8;0
g_UiBoxesInventoryItemNameBackground;38;192;80;112;24;8;8;0
g_UiBoxesInventoryItemNameBackground;39;200;80;16;8;8;8;0
g_UiBoxesInventoryItemNameBackground;40;208;80;24;8;8;8;0
g_UiBoxesInventoryItemNameBackground;41;216;80;32;8;8;8;0
g_UiBoxesInventoryItemNameBackground;42;224;80;40;8;8;8;0
g_UiBoxesInventoryItemNameBackground;43;232;80;48;8;8;8;0
g_UiBoxesInventoryItemNameBackground;44;240;80;56;8;8;8;0
g_UiBoxesInventoryItemNameBackground;45;248;80;64;8;8;8;0
g_UiBoxesInventoryItemNameBackground;46;256;80;72;8;8;8;0
g_UiBoxesInventoryItemNameBackground;47;264;80;80;8;8;8;0
g_UiBoxesInventoryItemNameBackground;48;272;80;88;8;8;8;0
g_UiBoxesInventoryItemNameBackground;49;280;80;16;8;8;8;0
g_UiBoxesInventoryItemNameBackground;50;288;80;24;8;8;8;0
g_UiBoxesInventoryItemNameBackground;51;296;80;200;24;8;8;0
g_UiBoxesInventoryItemNameBackground;52;304;80;208;24;8;8;0
g_UiBoxesInventoryItemNameBackground;53;312;80;216;24;8;8;0
g_UiBoxesInventoryItemNameBackground;54;176;88;96;32;8;8;0
g_UiBoxesInventoryItemNameBackground;55;184;88;104;32;8;8;0
g_UiBoxesInventoryItemNameBackground;56;192;88;112;32;8;8;0
g_UiBoxesInventoryItemNameBackground;57;200;88;120;32;8;8;0
g_UiBoxesInventoryItemNameBackground;58;208;88;128;32;8;8;0
g_UiBoxesInventoryItemNameBackground;59;216;88;136;32;8;8;0
g_UiBoxesInventoryItemNameBackground;60;224;88;144;32;8;8;0
g_UiBoxesInventoryItemNameBackground;61;232;88;152;32;8;8;0
g_UiBoxesInventoryItemNameBackground;62;240;88;160;32;8;8;0
g_UiBoxesInventoryItemNameBackground;63;248;88;168;32;8;8;0
g_UiBoxesInventoryItemNameBackground;64;256;88;176;32;8;8;0
g_UiBoxesInventoryItemNameBackground;65;264;88;184;32;8;8;0
g_UiBoxesInventoryItemNameBackground;66;272;88;192;32;8;8;0
g_UiBoxesInventoryItemNameBackground;67;280;88;120;32;8;8;0
g_UiBoxesInventoryItemNameBackground;68;288;88;128;32;8;8;0
g_UiBoxesInventoryItemNameBackground;69;296;88;200;32;8;8;0
g_UiBoxesInventoryItemNameBackground;70;304;88;208;32;8;8;0
g_UiBoxesInventoryItemNameBackground;71;312;88;216;32;8;8;0
g_UiBoxesInventoryMoneyFalconKeyIcons;0;176;96;56;112;8;8;6
g_UiBoxesInventoryMoneyFalconKeyIcons;1;184;96;64;112;8;8;6
g_UiBoxesInventoryMoneyFalconKeyIcons;2;192;96;104;112;8;8;5
g_UiBoxesInventoryMoneyFalconKeyIcons;3;176;104;56;120;8;8;6
g_UiBoxesInventoryMoneyFalconKeyIcons;4;184;104;64;120;8;8;6
g_UiBoxesInventoryMoneyFalconKeyIcons;5;192;104;104;120;8;8;5
g_UiBoxesInventoryMoneyFalconKeyIcons;6;176;112;56;128;8;8;6
g_UiBoxesInventoryMoneyFalconKeyIcons;7;184;112;64;128;8;8;6
g_UiBoxesInventoryMoneyFalconKeyIcons;8;192;112;104;128;8;8;5
g_UiBoxesInventoryMoneyFalconKeyIcons;9;176;120;88;112;8;8;6
g_UiBoxesInventoryMoneyFalconKeyIcons;10;184;120;96;112;8;8;6
g_UiBoxesInventoryMoneyFalconKeyIcons;11;192;120;104;112;8;8;5
g_UiBoxesInventoryMoneyFalconKeyIcons;12;176;128;88;120;8;8;6
g_UiBoxesInventoryMoneyFalconKeyIcons;13;184;128;96;120;8;8;6
g_UiBoxesInventoryMoneyFalconKeyIcons;14;192;128;104;120;8;8;5
g_UiBoxesInventoryMoneyFalconKeyIcons;15;176;136;88;128;8;8;6
g_UiBoxesInventoryMoneyFalconKeyIcons;16;184;136;96;128;8;8;6
g_UiBoxesInventoryMoneyFalconKeyIcons;17;192;136;104;128;8;8;5
g_UiBoxesInventoryMoneyFalconKeyIcons;18;176;144;72;112;8;8;6
g_UiBoxesInventoryMoneyFalconKeyIcons;19;184;144;80;112;8;8;6
g_UiBoxesInventoryMoneyFalconKeyIcons;20;192;144;104;112;8;8;5
g_UiBoxesInventoryMoneyFalconKeyIcons;21;176;152;72;120;8;8;6
g_UiBoxesInventoryMoneyFalconKeyIcons;22;184;152;80;120;8;8;6
g_UiBoxesInventoryMoneyFalconKeyIcons;23;192;152;104;120;8;8;5
g_UiBoxesInventoryMoneyFalconKeyIcons;24;176;160;72;128;8;8;6
g_UiBoxesInventoryMoneyFalconKeyIcons;25;184;160;80;128;8;8;6
g_UiBoxesInventoryMoneyFalconKeyIcons;26;192;160;104;128;8;8;5
g_uiBoxesInventoryDescriptionBackground;0;16;168;224;0;8;8;0
g_uiBoxesInventoryDescriptionBackground;1;24;168;232;0;8;8;0
g_uiBoxesInventoryDescriptionBackground;2;32;168;240;0;8;8;0
g_uiBoxesInventoryDescriptionBackground;3;40;168;120;0;8;8;0
g_uiBoxesInventoryDescriptionBackground;4;48;168;128;0;8;8;0
g_uiBoxesInventoryDescriptionBackground;5;56;168;136;0;8;8;0
g_uiBoxesInventoryDescriptionBackground;6;64;168;144;0;8;8;0
g_uiBoxesInventoryDescriptionBackground;7;72;168;152;0;8;8;0
g_uiBoxesInventoryDescriptionBackground;8;80;168;160;0;8;8;0
g_uiBoxesInventoryDescriptionBackground;9;88;168;160;16;8;8;0
g_uiBoxesInventoryDescriptionBackground;10;96;168;168;16;8;8;0
g_uiBoxesInventoryDescriptionBackground;11;104;168;184;0;8;8;0
g_uiBoxesInventoryDescriptionBackground;12;112;168;192;0;8;8;0
g_uiBoxesInventoryDescriptionBackground;13;120;168;120;0;8;8;0
g_uiBoxesInventoryDescriptionBackground;14;128;168;128;0;8;8;0
g_uiBoxesInventoryDescriptionBackground;15;136;168;136;0;8;8;0
g_uiBoxesInventoryDescriptionBackground;16;144;168;144;0;8;8;0
g_uiBoxesInventoryDescriptionBackground;17;152;168;152;0;8;8;0
g_uiBoxesInventoryDescriptionBackground;18;160;168;160;0;8;8;0
g_uiBoxesInventoryDescriptionBackground;19;168;168;168;0;8;8;0
g_uiBoxesInventoryDescriptionBackground;20;176;168;176;0;8;8;0
g_uiBoxesInventoryDescriptionBackground;21;184;168;184;0;8;8;0
g_uiBoxesInventoryDescriptionBackground;22;192;168;192;0;8;8;0
g_uiBoxesInventoryDescriptionBackground;23;200;168;120;0;8;8;0
g_uiBoxesInventoryDescriptionBackground;24;208;168;128;0;8;8;0
g_uiBoxesInventoryDescriptionBackground;25;216;168;136;0;8;8;0
g_uiBoxesInventoryDescriptionBackground;26;224;168;144;0;8;8;0
g_uiBoxesInventoryDescriptionBackground;27;232;168;152;0;8;8;0
g_uiBoxesInventoryDescriptionBackground;28;240;168;160;0;8;8;0
g_uiBoxesInventoryDescriptionBackground;29;248;168;168;0;8;8;0
g_uiBoxesInventoryDescriptionBackground;30;256;168;176;16;8;8;0
g_uiBoxesInventoryDescriptionBackground;31;264;168;184;16;8;8;0
g_uiBoxesInventoryDescriptionBackground;32;272;168;192;0;8;8;0
g_uiBoxesInventoryDescriptionBackground;33;280;168;224;24;8;8;0
g_uiBoxesInventoryDescriptionBackground;34;288;168;232;24;8;8;0
g_uiBoxesInventoryDescriptionBackground;35;296;168;240;24;8;8;0
g_uiBoxesInventoryDescriptionBackground;36;16;176;224;8;8;8;0
g_uiBoxesInventoryDescriptionBackground;37;24;176;232;8;8;8;0
g_uiBoxesInventoryDescriptionBackground;38;32;176;240;8;8;8;0
g_uiBoxesInventoryDescriptionBackground;39;40;176;16;0;8;8;0
g_uiBoxesInventoryDescriptionBackground;40;48;176;24;0;8;8;0
g_uiBoxesInventoryDescriptionBackground;41;56;176;32;0;8;8;0
g_uiBoxesInventoryDescriptionBackground;42;64;176;40;0;8;8;0
g_uiBoxesInventoryDescriptionBackground;43;72;176;48;0;8;8;0
g_uiBoxesInventoryDescriptionBackground;44;80;176;56;0;8;8;0
g_uiBoxesInventoryDescriptionBackground;45;88;176;64;0;8;8;0
g_uiBoxesInventoryDescriptionBackground;46;96;176;72;0;8;8;0
g_uiBoxesInventoryDescriptionBackground;47;104;176;80;0;8;8;0
g_uiBoxesInventoryDescriptionBackground;48;112;176;88;0;8;8;0
g_uiBoxesInventoryDescriptionBackground;49;120;176;16;0;8;8;0
g_uiBoxesInventoryDescriptionBackground;50;128;176;24;0;8;8;0
g_uiBoxesInventoryDescriptionBackground;51;136;176;32;0;8;8;0
g_uiBoxesInventoryDescriptionBackground;52;144;176;40;0;8;8;0
g_uiBoxesInventoryDescriptionBackground;53;152;176;48;0;8;8;0
g_uiBoxesInventoryDescriptionBackground;54;160;176;56;0;8;8;0
g_uiBoxesInventoryDescriptionBackground;55;168;176;64;0;8;8;0
g_uiBoxesInventoryDescriptionBackground;56;176;176;72;0;8;8;0
g_uiBoxesInventoryDescriptionBackground;57;184;176;80;0;8;8;0
g_uiBoxesInventoryDescriptionBackground;58;192;176;88;0;8;8;0
g_uiBoxesInventoryDescriptionBackground;59;200;176;16;0;8;8;0
g_uiBoxesInventoryDescriptionBackground;60;208;176;24;0;8;8;0
g_uiBoxesInventoryDescriptionBackground;61;216;176;32;0;8;8;0
g_uiBoxesInventoryDescriptionBackground;62;224;176;40;0;8;8;0
g_uiBoxesInventoryDescriptionBackground;63;232;176;48;0;8;8;0
g_uiBoxesInventoryDescriptionBackground;64;240;176;56;0;8;8;0
g_uiBoxesInventoryDescriptionBackground;65;248;176;64;0;8;8;0
g_uiBoxesInventoryDescriptionBackground;66;256;176;72;0;8;8;0
g_uiBoxesInventoryDescriptionBackground;67;264;176;80;0;8;8;0
g_uiBoxesInventoryDescriptionBackground;68;272;176;88;0;8;8;0
g_uiBoxesInventoryDescriptionBackground;69;280;176;224;32;8;8;0
g_uiBoxesInventoryDescriptionBackground;70;288;176;232;32;8;8;0
g_uiBoxesInventoryDescriptionBackground;71;296;176;240;32;8;8;0
g_uiBoxesInventoryDescriptionBackground;72;16;184;96;0;8;8;0
g_uiBoxesInventoryDescriptionBackground;73;24;184;104;0;8;8;0
g_uiBoxesInventoryDescriptionBackground;74;32;184;112;0;8;8;0
g_uiBoxesInventoryDescriptionBackground;75;40;184;16;8;8;8;0
g_uiBoxesInventoryDescriptionBackground;76;48;184;24;8;8;8;0
g_uiBoxesInventoryDescriptionBackground;77;56;184;32;8;8;8;0
g_uiBoxesInventoryDescriptionBackground;78;64;184;40;8;8;8;0
g_uiBoxesInventoryDescriptionBackground;79;72;184;48;8;8;8;0
g_uiBoxesInventoryDescriptionBackground;80;80;184;56;8;8;8;0
g_uiBoxesInventoryDescriptionBackground;81;88;184;64;8;8;8;0
g_uiBoxesInventoryDescriptionBackground;82;96;184;72;8;8;8;0
g_uiBoxesInventoryDescriptionBackground;83;104;184;80;8;8;8;0
g_uiBoxesInventoryDescriptionBackground;84;112;184;88;8;8;8;0
g_uiBoxesInventoryDescriptionBackground;85;120;184;16;8;8;8;0
g_uiBoxesInventoryDescriptionBackground;86;128;184;24;8;8;8;0
g_uiBoxesInventoryDescriptionBackground;87;136;184;32;8;8;8;0
g_uiBoxesInventoryDescriptionBackground;88;144;184;40;8;8;8;0
g_uiBoxesInventoryDescriptionBackground;89;152;184;48;8;8;8;0
g_uiBoxesInventoryDescriptionBackground;90;160;184;56;8;8;8;0
g_uiBoxesInventoryDescriptionBackground;91;168;184;64;8;8;8;0
g_uiBoxesInventoryDescriptionBackground;92;176;184;72;8;8;8;0
g_uiBoxesInventoryDescriptionBackground;93;184;184;80;8;8;8;0
g_uiBoxesInventoryDescriptionBackground;94;192;184;88;8;8;8;0
g_uiBoxesInventoryDescriptionBackground;95;200;184;16;8;8;8;0
g_uiBoxesInventoryDescriptionBackground;96;208;184;24;8;8;8;0
g_uiBoxesInventoryDescriptionBackground;97;216;184;32;8;8;8;0
g_uiBoxesInventoryDescriptionBackground;98;224;184;40;8;8;8;0
g_uiBoxesInventoryDescriptionBackground;99;232;184;48;8;8;8;0
g_uiBoxesInventoryDescriptionBackground;100;240;184;56;8;8;8;0
g_uiBoxesInventoryDescriptionBackground;101;248;184;64;8;8;8;0
g_uiBoxesInventoryDescriptionBackground;102;256;184;72;8;8;8;0
g_uiBoxesInventoryDescriptionBackground;103;264;184;80;8;8;8;0
g_uiBoxesInventoryDescriptionBackground;104;272;184;88;8;8;8;0
g_uiBoxesInventoryDescriptionBackground;105;280;184;200;0;8;8;0
g_uiBoxesInventoryDescriptionBackground;106;288;184;208;0;8;8;0
g_uiBoxesInventoryDescriptionBackground;107;296;184;216;0;8;8;0
g_uiBoxesInventoryDescriptionBackground;108;16;192;96;8;8;8;0
g_uiBoxesInventoryDescriptionBackground;109;24;192;104;8;8;8;0
g_uiBoxesInventoryDescriptionBackground;110;32;192;112;8;8;8;0
g_uiBoxesInventoryDescriptionBackground;111;40;192;16;16;8;8;0
g_uiBoxesInventoryDescriptionBackground;112;48;192;24;16;8;8;0
g_uiBoxesInventoryDescriptionBackground;113;56;192;32;16;8;8;0
g_uiBoxesInventoryDescriptionBackground;114;64;192;40;16;8;8;0
g_uiBoxesInventoryDescriptionBackground;115;72;192;48;16;8;8;0
g_uiBoxesInventoryDescriptionBackground;116;80;192;56;16;8;8;0
g_uiBoxesInventoryDescriptionBackground;117;88;192;64;16;8;8;0
g_uiBoxesInventoryDescriptionBackground;118;96;192;72;16;8;8;0
g_uiBoxesInventoryDescriptionBackground;119;104;192;80;16;8;8;0
g_uiBoxesInventoryDescriptionBackground;120;112;192;88;16;8;8;0
g_uiBoxesInventoryDescriptionBackground;121;120;192;16;16;8;8;0
g_uiBoxesInventoryDescriptionBackground;122;128;192;24;16;8;8;0
g_uiBoxesInventoryDescriptionBackground;123;136;192;32;16;8;8;0
g_uiBoxesInventoryDescriptionBackground;124;144;192;40;16;8;8;0
g_uiBoxesInventoryDescriptionBackground;125;152;192;48;16;8;8;0
g_uiBoxesInventoryDescriptionBackground;126;160;192;56;16;8;8;0
g_uiBoxesInventoryDescriptionBackground;127;168;192;64;16;8;8;0
g_uiBoxesInventoryDescriptionBackground;128;176;192;72;16;8;8;0
g_uiBoxesInventoryDescriptionBackground;129;184;192;80;16;8;8;0
g_uiBoxesInventoryDescriptionBackground;130;192;192;88;16;8;8;0
g_uiBoxesInventoryDescriptionBackground;131;200;192;16;16;8;8;0
g_uiBoxesInventoryDescriptionBackground;132;208;192;24;16;8;8;0
g_uiBoxesInventoryDescriptionBackground;133;216;192;32;16;8;8;0
g_uiBoxesInventoryDescriptionBackground;134;224;192;40;16;8;8;0
g_uiBoxesInventoryDescriptionBackground;135;232;192;48;16;8;8;0
g_uiBoxesInventoryDescriptionBackground;136;240;192;56;16;8;8;0
g_uiBoxesInventoryDescriptionBackground;137;248;192;64;16;8;8;0
g_uiBoxesInventoryDescriptionBackground;138;256;192;72;16;8;8;0
g_uiBoxesInventoryDescriptionBackground;139;264;192;80;16;8;8;0
g_uiBoxesInventoryDescriptionBackground;140;272;192;88;16;8;8;0
g_uiBoxesInventoryDescriptionBackground;141;280;192;200;8;8;8;0
g_uiBoxesInventoryDescriptionBackground;142;288;192;208;8;8;8;0
g_uiBoxesInventoryDescriptionBackground;143;296;192;216;8;8;8;0
g_uiBoxesInventoryDescriptionBackground;144;16;200;96;16;8;8;0
g_uiBoxesInventoryDescriptionBackground;145;24;200;104;16;8;8;0
g_uiBoxesInventoryDescriptionBackground;146;32;200;112;16;8;8;0
g_uiBoxesInventoryDescriptionBackground;147;40;200;16;24;8;8;0
g_uiBoxesInventoryDescriptionBackground;148;48;200;24;24;8;8;0
g_uiBoxesInventoryDescriptionBackground;149;56;200;32;24;8;8;0
g_uiBoxesInventoryDescriptionBackground;150;64;200;40;24;8;8;0
g_uiBoxesInventoryDescriptionBackground;151;72;200;48;24;8;8;0
g_uiBoxesInventoryDescriptionBackground;152;80;200;56;24;8;8;0
g_uiBoxesInventoryDescriptionBackground;153;88;200;64;24;8;8;0
g_uiBoxesInventoryDescriptionBackground;154;96;200;72;24;8;8;0
g_uiBoxesInventoryDescriptionBackground;155;104;200;80;24;8;8;0
g_uiBoxesInventoryDescriptionBackground;156;112;200;88;24;8;8;0
g_uiBoxesInventoryDescriptionBackground;157;120;200;16;24;8;8;0
g_uiBoxesInventoryDescriptionBackground;158;128;200;24;24;8;8;0
g_uiBoxesInventoryDescriptionBackground;159;136;200;32;24;8;8;0
g_uiBoxesInventoryDescriptionBackground;160;144;200;40;24;8;8;0
g_uiBoxesInventoryDescriptionBackground;161;152;200;48;24;8;8;0
g_uiBoxesInventoryDescriptionBackground;162;160;200;56;24;8;8;0
g_uiBoxesInventoryDescriptionBackground;163;168;200;64;24;8;8;0
g_uiBoxesInventoryDescriptionBackground;164;176;200;72;24;8;8;0
g_uiBoxesInventoryDescriptionBackground;165;184;200;80;24;8;8;0
g_uiBoxesInventoryDescriptionBackground;166;192;200;88;24;8;8;0
g_uiBoxesInventoryDescriptionBackground;167;200;200;16;24;8;8;0
g_uiBoxesInventoryDescriptionBackground;168;208;200;24;24;8;8;0
g_uiBoxesInventoryDescriptionBackground;169;216;200;32;24;8;8;0
g_uiBoxesInventoryDescriptionBackground;170;224;200;40;24;8;8;0
g_uiBoxesInventoryDescriptionBackground;171;232;200;48;24;8;8;0
g_uiBoxesInventoryDescriptionBackground;172;240;200;56;24;8;8;0
g_uiBoxesInventoryDescriptionBackground;173;248;200;64;24;8;8;0
g_uiBoxesInventoryDescriptionBackground;174;256;200;72;24;8;8;0
g_uiBoxesInventoryDescriptionBackground;175;264;200;80;24;8;8;0
g_uiBoxesInventoryDescriptionBackground;176;272;200;88;24;8;8;0
g_uiBoxesInventoryDescriptionBackground;177;280;200;200;16;8;8;0
g_uiBoxesInventoryDescriptionBackground;178;288;200;208;16;8;8;0
g_uiBoxesInventoryDescriptionBackground;179;296;200;216;16;8;8;0
g_uiBoxesInventoryDescriptionBackground;180;16;208;96;24;8;8;0
g_uiBoxesInventoryDescriptionBackground;181;24;208;104;24;8;8;0
g_uiBoxesInventoryDescriptionBackground;182;32;208;112;24;8;8;0
g_uiBoxesInventoryDescriptionBackground;183;40;208;16;32;8;8;0
g_uiBoxesInventoryDescriptionBackground;184;48;208;24;32;8;8;0
g_uiBoxesInventoryDescriptionBackground;185;56;208;32;32;8;8;0
g_uiBoxesInventoryDescriptionBackground;186;64;208;40;32;8;8;0
g_uiBoxesInventoryDescriptionBackground;187;72;208;48;32;8;8;0
g_uiBoxesInventoryDescriptionBackground;188;80;208;56;32;8;8;0
g_uiBoxesInventoryDescriptionBackground;189;88;208;64;32;8;8;0
g_uiBoxesInventoryDescriptionBackground;190;96;208;72;32;8;8;0
g_uiBoxesInventoryDescriptionBackground;191;104;208;80;32;8;8;0
g_uiBoxesInventoryDescriptionBackground;192;112;208;88;32;8;8;0
g_uiBoxesInventoryDescriptionBackground;193;120;208;16;32;8;8;0
g_uiBoxesInventoryDescriptionBackground;194;128;208;24;32;8;8;0
g_uiBoxesInventoryDescriptionBackground;195;136;208;32;32;8;8;0
g_uiBoxesInventoryDescriptionBackground;196;144;208;40;32;8;8;0
g_uiBoxesInventoryDescriptionBackground;197;152;208;48;32;8;8;0
g_uiBoxesInventoryDescriptionBackground;198;160;208;56;32;8;8;0
g_uiBoxesInventoryDescriptionBackground;199;168;208;64;32;8;8;0
g_uiBoxesInventoryDescriptionBackground;200;176;208;72;32;8;8;0
g_uiBoxesInventoryDescriptionBackground;201;184;208;80;32;8;8;0
g_uiBoxesInventoryDescriptionBackground;202;192;208;88;32;8;8;0
g_uiBoxesInventoryDescriptionBackground;203;200;208;16;32;8;8;0
g_uiBoxesInventoryDescriptionBackground;204;208;208;24;32;8;8;0
g_uiBoxesInventoryDescriptionBackground;205;216;208;32;32;8;8;0
g_uiBoxesInventoryDescriptionBackground;206;224;208;40;32;8;8;0
g_uiBoxesInventoryDescriptionBackground;207;232;208;48;32;8;8;0
g_uiBoxesInventoryDescriptionBackground;208;240;208;56;32;8;8;0
g_uiBoxesInventoryDescriptionBackground;209;248;208;64;32;8;8;0
g_uiBoxesInventoryDescriptionBackground;210;256;208;72;32;8;8;0
g_uiBoxesInventoryDescriptionBackground;211;264;208;80;32;8;8;0
g_uiBoxesInventoryDescriptionBackground;212;272;208;88;32;8;8;0
g_uiBoxesInventoryDescriptionBackground;213;280;208;200;24;8;8;0
g_uiBoxesInventoryDescriptionBackground;214;288;208;208;24;8;8;0
g_uiBoxesInventoryDescriptionBackground;215;296;208;216;24;8;8;0
g_uiBoxesInventoryDescriptionBackground;216;16;216;96;32;8;8;0
g_uiBoxesInventoryDescriptionBackground;217;24;216;104;32;8;8;0
g_uiBoxesInventoryDescriptionBackground;218;32;216;112;32;8;8;0
g_uiBoxesInventoryDescriptionBackground;219;40;216;120;32;8;8;0
g_uiBoxesInventoryDescriptionBackground;220;48;216;128;32;8;8;0
g_uiBoxesInventoryDescriptionBackground;221;56;216;136;32;8;8;0
g_uiBoxesInventoryDescriptionBackground;222;64;216;144;16;8;8;0
g_uiBoxesInventoryDescriptionBackground;223;72;216;152;16;8;8;0
g_uiBoxesInventoryDescriptionBackground;224;80;216;160;32;8;8;0
g_uiBoxesInventoryDescriptionBackground;225;88;216;168;32;8;8;0
g_uiBoxesInventoryDescriptionBackground;226;96;216;176;32;8;8;0
g_uiBoxesInventoryDescriptionBackground;227;104;216;184;32;8;8;0
g_uiBoxesInventoryDescriptionBackground;228;112;216;192;32;8;8;0
g_uiBoxesInventoryDescriptionBackground;229;120;216;120;32;8;8;0
g_uiBoxesInventoryDescriptionBackground;230;128;216;128;16;8;8;0
g_uiBoxesInventoryDescriptionBackground;231;136;216;136;32;8;8;0
g_uiBoxesInventoryDescriptionBackground;232;144;216;128;32;8;8;0
g_uiBoxesInventoryDescriptionBackground;233;152;216;152;32;8;8;0
g_uiBoxesInventoryDescriptionBackground;234;160;216;160;32;8;8;0
g_uiBoxesInventoryDescriptionBackground;235;168;216;168;32;8;8;0
g_uiBoxesInventoryDescriptionBackground;236;176;216;176;32;8;8;0
g_uiBoxesInventoryDescriptionBackground;237;184;216;184;32;8;8;0
g_uiBoxesInventoryDescriptionBackground;238;192;216;192;32;8;8;0
g_uiBoxesInventoryDescriptionBackground;239;200;216;120;32;8;8;0
g_uiBoxesInventoryDescriptionBackground;240;208;216;128;32;8;8;0
g_uiBoxesInventoryDescriptionBackground;241;216;216;136;32;8;8;0
g_uiBoxesInventoryDescriptionBackground;242;224;216;144;16;8;8;0
g_uiBoxesInventoryDescriptionBackground;243;232;216;152;16;8;8;0
g_uiBoxesInventoryDescriptionBackground;244;240;216;160;32;8;8;0
g_uiBoxesInventoryDescriptionBackground;245;248;216;168;32;8;8;0
g_uiBoxesInventoryDescriptionBackground;246;256;216;176;32;8;8;0
g_uiBoxesInventoryDescriptionBackground;247;264;216;184;32;8;8;0
g_uiBoxesInventoryDescriptionBackground;248;272;216;192;32;8;8;0
g_uiBoxesInventoryDescriptionBackground;249;280;216;200;32;8;8;0
g_uiBoxesInventoryDescriptionBackground;250;288;216;208;32;8;8;0
g_uiBoxesInventoryDescriptionBackground;251;296;216;216;32;8;8;0
UIBoxConfiguration_800af664;0;8;16;176;72;8;8;3
UIBoxConfiguration_800af664;1;16;16;184;72;8;8;3
UIBoxConfiguration_800af664;2;24;16;192;72;8;8;3
UIBoxConfiguration_800af664;3;32;16;200;72;8;8;3
UIBoxConfiguration_800af664;4;40;16;208;72;8;8;3
UIBoxConfiguration_800af664;5;48;16;216;72;8;8;3
UIBoxConfiguration_800af664;6;56;16;224;72;8;8;3
UIBoxConfiguration_800af664;7;64;16;232;72;8;8;3
UIBoxConfiguration_800af664;8;72;16;240;72;8;8;3
UIBoxConfiguration_800af664;9;80;16;184;72;8;8;3
UIBoxConfiguration_800af664;10;88;16;192;72;8;8;3
UIBoxConfiguration_800af664;11;96;16;200;72;8;8;3
UIBoxConfiguration_800af664;12;104;16;208;72;8;8;3
UIBoxConfiguration_800af664;13;112;16;216;72;8;8;3
UIBoxConfiguration_800af664;14;120;16;168;72;8;8;3
UIBoxConfiguration_800af664;15;8;24;176;80;8;8;3
UIBoxConfiguration_800af664;16;16;24;184;80;8;8;3
UIBoxConfiguration_800af664;17;24;24;192;80;8;8;3
UIBoxConfiguration_800af664;18;32;24;200;80;8;8;3
UIBoxConfiguration_800af664;19;40;24;208;80;8;8;3
UIBoxConfiguration_800af664;20;48;24;216;80;8;8;3
UIBoxConfiguration_800af664;21;56;24;224;80;8;8;3
UIBoxConfiguration_800af664;22;64;24;232;80;8;8;3
UIBoxConfiguration_800af664;23;72;24;240;80;8;8;3
UIBoxConfiguration_800af664;24;80;24;184;80;8;8;3
UIBoxConfiguration_800af664;25;88;24;192;80;8;8;3
UIBoxConfiguration_800af664;26;96;24;200;80;8;8;3
UIBoxConfiguration_800af664;27;104;24;208;80;8;8;3
UIBoxConfiguration_800af664;28;112;24;216;80;8;8;3
UIBoxConfiguration_800af664;29;120;24;168;80;8;8;3
UIBoxConfiguration_800af664;30;8;32;176;88;8;8;3
UIBoxConfiguration_800af664;31;16;32;184;88;8;8;3
UIBoxConfiguration_800af664;32;24;32;192;88;8;8;3
UIBoxConfiguration_800af664;33;32;32;200;88;8;8;3
UIBoxConfiguration_800af664;34;40;32;208;88;8;8;3
UIBoxConfiguration_800af664;35;48;32;216;88;8;8;3
UIBoxConfiguration_800af664;36;56;32;224;88;8;8;3
UIBoxConfiguration_800af664;37;64;32;232;88;8;8;3
UIBoxConfiguration_800af664;38;72;32;240;88;8;8;3
UIBoxConfiguration_800af664;39;80;32;184;88;8;8;3
UIBoxConfiguration_800af664;40;88;32;192;88;8;8;3
UIBoxConfiguration_800af664;41;96;32;200;88;8;8;3
UIBoxConfiguration_800af664;42;104;32;208;88;8;8;3
UIBoxConfiguration_800af664;43;112;32;216;88;8;8;3
UIBoxConfiguration_800af664;44;120;32;168;88;8;8;3
UIBoxConfiguration_800af664;45;8;40;176;96;8;8;3
UIBoxConfiguration_800af664;46;16;40;184;96;8;8;3
UIBoxConfiguration_800af664;47;24;40;192;96;8;8;3
UIBoxConfiguration_800af664;48;32;40;200;96;8;8;3
UIBoxConfiguration_800af664;49;40;40;208;96;8;8;3
UIBoxConfiguration_800af664;50;48;40;216;96;8;8;3
UIBoxConfiguration_800af664;51;56;40;224;96;8;8;3
UIBoxConfiguration_800af664;52;64;40;232;96;8;8;3
UIBoxConfiguration_800af664;53;72;40;240;96;8;8;3
UIBoxConfiguration_800af664;54;80;40;184;96;8;8;3
UIBoxConfiguration_800af664;55;88;40;192;96;8;8;3
UIBoxConfiguration_800af664;56;96;40;200;96;8;8;3
UIBoxConfiguration_800af664;57;104;40;208;96;8;8;3
UIBoxConfiguration_800af664;58;112;40;216;96;8;8;3
UIBoxConfiguration_800af664;59;120;40;248;96;8;8;3
UIBoxConfiguration_800af664;60;8;48;176;104;8;8;3
UIBoxConfiguration_800af664;61;16;48;184;104;8;8;3
UIBoxConfiguration_800af664;62;24;48;192;104;8;8;3
UIBoxConfiguration_800af664;63;32;48;200;104;8;8;3
UIBoxConfiguration_800af664;64;40;48;208;104;8;8;3
UIBoxConfiguration_800af664;65;48;48;216;104;8;8;3
UIBoxConfiguration_800af664;66;56;48;224;104;8;8;3
UIBoxConfiguration_800af664;67;64;48;232;104;8;8;3
UIBoxConfiguration_800af664;68;72;48;240;104;8;8;3
UIBoxConfiguration_800af664;69;80;48;184;104;8;8;3
UIBoxConfiguration_800af664;70;88;48;192;104;8;8;3
UIBoxConfiguration_800af664;71;96;48;200;104;8;8;3
UIBoxConfiguration_800af664;72;104;48;208;104;8;8;3
UIBoxConfiguration_800af664;73;112;48;216;104;8;8;3
UIBoxConfiguration_800af664;74;120;48;248;104;8;8;3
UIBoxConfiguration_800af664;75;8;56;176;112;8;8;3
UIBoxConfiguration_800af664;76;16;56;184;112;8;8;3
UIBoxConfiguration_800af664;77;24;56;192;112;8;8;3
UIBoxConfiguration_800af664;78;32;56;200;112;8;8;3
UIBoxConfiguration_800af664;79;40;56;208;112;8;8;3
UIBoxConfiguration_800af664;80;48;56;216;112;8;8;3
UIBoxConfiguration_800af664;81;56;56;224;112;8;8;3
UIBoxConfiguration_800af664;82;64;56;232;112;8;8;3
UIBoxConfiguration_800af664;83;72;56;240;112;8;8;3
UIBoxConfiguration_800af664;84;80;56;184;112;8;8;3
UIBoxConfiguration_800af664;85;88;56;192;112;8;8;3
UIBoxConfiguration_800af664;86;96;56;200;112;8;8;3
UIBoxConfiguration_800af664;87;104;56;208;112;8;8;3
UIBoxConfiguration_800af664;88;112;56;216;112;8;8;3
UIBoxConfiguration_800af664;89;120;56;248;112;8;8;3
UIBoxConfiguration_800af664;90;8;64;176;120;8;8;3
UIBoxConfiguration_800af664;91;16;64;184;120;8;8;3
UIBoxConfiguration_800af664;92;24;64;192;120;8;8;3
UIBoxConfiguration_800af664;93;32;64;200;120;8;8;3
UIBoxConfiguration_800af664;94;40;64;208;120;8;8;3
UIBoxConfiguration_800af664;95;48;64;216;120;8;8;3
UIBoxConfiguration_800af664;96;56;64;224;120;8;8;3
UIBoxConfiguration_800af664;97;64;64;232;120;8;8;3
UIBoxConfiguration_800af664;98;72;64;240;120;8;8;3
UIBoxConfiguration_800af664;99;80;64;184;120;8;8;3
UIBoxConfiguration_800af664;100;88;64;192;120;8;8;3
UIBoxConfiguration_800af664;101;96;64;200;120;8;8;3
UIBoxConfiguration_800af664;102;104;64;208;120;8;8;3
UIBoxConfiguration_800af664;103;112;64;216;120;8;8;3
UIBoxConfiguration_800af664;104;120;64;248;120;8;8;3
UIBoxConfiguration_800af664;105;8;72;176;80;8;8;3
UIBoxConfiguration_800af664;106;16;72;184;80;8;8;3
UIBoxConfiguration_800af664;107;24;72;192;80;8;8;3
UIBoxConfiguration_800af664;108;32;72;200;80;8;8;3
UIBoxConfiguration_800af664;109;40;72;208;80;8;8;3
UIBoxConfiguration_800af664;110;48;72;216;80;8;8;3
UIBoxConfiguration_800af664;111;56;72;224;80;8;8;3
UIBoxConfiguration_800af664;112;64;72;232;80;8;8;3
UIBoxConfiguration_800af664;113;72;72;240;80;8;8;3
UIBoxConfiguration_800af664;114;80;72;184;80;8;8;3
UIBoxConfiguration_800af664;115;88;72;192;80;8;8;3
UIBoxConfiguration_800af664;116;96;72;200;80;8;8;3
UIBoxConfiguration_800af664;117;104;72;208;80;8;8;3
UIBoxConfiguration_800af664;118;112;72;216;80;8;8;3
UIBoxConfiguration_800af664;119;120;72;248;80;8;8;3
UIBoxConfiguration_800af664;120;8;80;176;88;8;8;3
UIBoxConfiguration_800af664;121;16;80;184;88;8;8;3
UIBoxConfiguration_800af664;122;24;80;192;88;8;8;3
UIBoxConfiguration_800af664;123;32;80;200;88;8;8;3
UIBoxConfiguration_800af664;124;40;80;208;88;8;8;3
UIBoxConfiguration_800af664;125;48;80;216;88;8;8;3
UIBoxConfiguration_800af664;126;56;80;224;88;8;8;3
UIBoxConfiguration_800af664;127;64;80;232;88;8;8;3
UIBoxConfiguration_800af664;128;72;80;240;88;8;8;3
UIBoxConfiguration_800af664;129;80;80;184;88;8;8;3
UIBoxConfiguration_800af664;130;88;80;192;88;8;8;3
UIBoxConfiguration_800af664;131;96;80;200;88;8;8;3
UIBoxConfiguration_800af664;132;104;80;208;88;8;8;3
UIBoxConfiguration_800af664;133;112;80;216;88;8;8;3
UIBoxConfiguration_800af664;134;120;80;248;88;8;8;3
UIBoxConfiguration_800af664;135;8;88;176;96;8;8;3
UIBoxConfiguration_800af664;136;16;88;184;96;8;8;3
UIBoxConfiguration_800af664;137;24;88;192;96;8;8;3
UIBoxConfiguration_800af664;138;32;88;200;96;8;8;3
UIBoxConfiguration_800af664;139;40;88;208;96;8;8;3
UIBoxConfiguration_800af664;140;48;88;216;96;8;8;3
UIBoxConfiguration_800af664;141;56;88;224;96;8;8;3
UIBoxConfiguration_800af664;142;64;88;232;96;8;8;3
UIBoxConfiguration_800af664;143;72;88;240;96;8;8;3
UIBoxConfiguration_800af664;144;80;88;184;96;8;8;3
UIBoxConfiguration_800af664;145;88;88;192;96;8;8;3
UIBoxConfiguration_800af664;146;96;88;200;96;8;8;3
UIBoxConfiguration_800af664;147;104;88;208;96;8;8;3
UIBoxConfiguration_800af664;148;112;88;216;96;8;8;3
UIBoxConfiguration_800af664;149;120;88;248;96;8;8;3
UIBoxConfiguration_800af664;150;8;96;176;104;8;8;3
UIBoxConfiguration_800af664;151;16;96;184;104;8;8;3
UIBoxConfiguration_800af664;152;24;96;192;104;8;8;3
UIBoxConfiguration_800af664;153;32;96;200;104;8;8;3
UIBoxConfiguration_800af664;154;40;96;208;104;8;8;3
UIBoxConfiguration_800af664;155;48;96;216;104;8;8;3
UIBoxConfiguration_800af664;156;56;96;224;104;8;8;3
UIBoxConfiguration_800af664;157;64;96;232;104;8;8;3
UIBoxConfiguration_800af664;158;72;96;240;104;8;8;3
UIBoxConfiguration_800af664;159;80;96;184;104;8;8;3
UIBoxConfiguration_800af664;160;88;96;192;104;8;8;3
UIBoxConfiguration_800af664;161;96;96;200;104;8;8;3
UIBoxConfiguration_800af664;162;104;96;208;104;8;8;3
UIBoxConfiguration_800af664;163;112;96;216;104;8;8;3
UIBoxConfiguration_800af664;164;120;96;248;104;8;8;3
UIBoxConfiguration_800af664;165;8;104;176;112;8;8;3
UIBoxConfiguration_800af664;166;16;104;184;112;8;8;3
UIBoxConfiguration_800af664;167;24;104;192;112;8;8;3
UIBoxConfiguration_800af664;168;32;104;200;112;8;8;3
UIBoxConfiguration_800af664;169;40;104;208;112;8;8;3
UIBoxConfiguration_800af664;170;48;104;216;112;8;8;3
UIBoxConfiguration_800af664;171;56;104;224;112;8;8;3
UIBoxConfiguration_800af664;172;64;104;232;112;8;8;3
UIBoxConfiguration_800af664;173;72;104;240;112;8;8;3
UIBoxConfiguration_800af664;174;80;104;184;112;8;8;3
UIBoxConfiguration_800af664;175;88;104;192;112;8;8;3
UIBoxConfiguration_800af664;176;96;104;200;112;8;8;3
UIBoxConfiguration_800af664;177;104;104;208;112;8;8;3
UIBoxConfiguration_800af664;178;112;104;216;112;8;8;3
UIBoxConfiguration_800af664;179;120;104;248;112;8;8;3
UIBoxConfiguration_800af664;180;8;112;176;120;8;8;3
UIBoxConfiguration_800af664;181;16;112;184;120;8;8;3
UIBoxConfiguration_800af664;182;24;112;192;120;8;8;3
UIBoxConfiguration_800af664;183;32;112;200;120;8;8;3
UIBoxConfiguration_800af664;184;40;112;208;120;8;8;3
UIBoxConfiguration_800af664;185;48;112;216;120;8;8;3
UIBoxConfiguration_800af664;186;56;112;224;120;8;8;3
UIBoxConfiguration_800af664;187;64;112;232;120;8;8;3
UIBoxConfiguration_800af664;188;72;112;240;120;8;8;3
UIBoxConfiguration_800af664;189;80;112;184;120;8;8;3
UIBoxConfiguration_800af664;190;88;112;192;120;8;8;3
UIBoxConfiguration_800af664;191;96;112;200;120;8;8;3
UIBoxConfiguration_800af664;192;104;112;208;120;8;8;3
UIBoxConfiguration_800af664;193;112;112;216;120;8;8;3
UIBoxConfiguration_800af664;194;120;112;248;120;8;8;3
UIBoxConfiguration_800af664;195;8;120;176;128;8;8;3
UIBoxConfiguration_800af664;196;16;120;184;128;8;8;3
UIBoxConfiguration_800af664;197;24;120;192;128;8;8;3
UIBoxConfiguration_800af664;198;32;120;200;128;8;8;3
UIBoxConfiguration_800af664;199;40;120;208;128;8;8;3
UIBoxConfiguration_800af664;200;48;120;216;128;8;8;3
UIBoxConfiguration_800af664;201;56;120;224;128;8;8;3
UIBoxConfiguration_800af664;202;64;120;232;128;8;8;3
UIBoxConfiguration_800af664;203;72;120;240;128;8;8;3
UIBoxConfiguration_800af664;204;80;120;184;128;8;8;3
UIBoxConfiguration_800af664;205;88;120;192;128;8;8;3
UIBoxConfiguration_800af664;206;96;120;200;128;8;8;3
UIBoxConfiguration_800af664;207;104;120;208;128;8;8;3
UIBoxConfiguration_800af664;208;112;120;216;128;8;8;3
UIBoxConfiguration_800af664;209;120;120;248;128;8;8;3
UIBoxConfiguration_800b06dc;0;8;128;176;72;8;8;3
UIBoxConfiguration_800b06dc;1;16;128;184;72;8;8;3
UIBoxConfiguration_800b06dc;2;24;128;192;72;8;8;3
UIBoxConfiguration_800b06dc;3;32;128;200;72;8;8;3
UIBoxConfiguration_800b06dc;4;40;128;208;72;8;8;3
UIBoxConfiguration_800b06dc;5;48;128;216;72;8;8;3
UIBoxConfiguration_800b06dc;6;56;128;224;72;8;8;3
UIBoxConfiguration_800b06dc;7;64;128;232;72;8;8;3
UIBoxConfiguration_800b06dc;8;72;128;240;72;8;8;3
UIBoxConfiguration_800b06dc;9;80;128;184;72;8;8;3
UIBoxConfiguration_800b06dc;10;88;128;192;72;8;8;3
UIBoxConfiguration_800b06dc;11;96;128;200;72;8;8;3
UIBoxConfiguration_800b06dc;12;104;128;208;72;8;8;3
UIBoxConfiguration_800b06dc;13;112;128;216;72;8;8;3
UIBoxConfiguration_800b06dc;14;120;128;224;72;8;8;3
UIBoxConfiguration_800b06dc;15;128;128;232;72;8;8;3
UIBoxConfiguration_800b06dc;16;136;128;240;72;8;8;3
UIBoxConfiguration_800b06dc;17;144;128;184;72;8;8;3
UIBoxConfiguration_800b06dc;18;152;128;192;72;8;8;3
UIBoxConfiguration_800b06dc;19;160;128;160;72;8;8;3
UIBoxConfiguration_800b06dc;20;168;128;168;72;8;8;3
UIBoxConfiguration_800b06dc;21;8;136;176;80;8;8;3
UIBoxConfiguration_800b06dc;22;16;136;184;80;8;8;3
UIBoxConfiguration_800b06dc;23;24;136;192;80;8;8;3
UIBoxConfiguration_800b06dc;24;32;136;200;80;8;8;3
UIBoxConfiguration_800b06dc;25;40;136;208;80;8;8;3
UIBoxConfiguration_800b06dc;26;48;136;216;80;8;8;3
UIBoxConfiguration_800b06dc;27;56;136;224;80;8;8;3
UIBoxConfiguration_800b06dc;28;64;136;232;80;8;8;3
UIBoxConfiguration_800b06dc;29;72;136;240;80;8;8;3
UIBoxConfiguration_800b06dc;30;80;136;184;80;8;8;3
UIBoxConfiguration_800b06dc;31;88;136;192;80;8;8;3
UIBoxConfiguration_800b06dc;32;96;136;200;80;8;8;3
UIBoxConfiguration_800b06dc;33;104;136;208;80;8;8;3
UIBoxConfiguration_800b06dc;34;112;136;216;80;8;8;3
UIBoxConfiguration_800b06dc;35;120;136;224;80;8;8;3
UIBoxConfiguration_800b06dc;36;128;136;232;80;8;8;3
UIBoxConfiguration_800b06dc;37;136;136;240;80;8;8;3
UIBoxConfiguration_800b06dc;38;144;136;184;80;8;8;3
UIBoxConfiguration_800b06dc;39;152;136;192;80;8;8;3
UIBoxConfiguration_800b06dc;40;160;136;200;80;8;8;3
UIBoxConfiguration_800b06dc;41;168;136;168;80;8;8;3
UIBoxConfiguration_800b06dc;42;8;144;176;88;8;8;3
UIBoxConfiguration_800b06dc;43;16;144;184;88;8;8;3
UIBoxConfiguration_800b06dc;44;24;144;192;88;8;8;3
UIBoxConfiguration_800b06dc;45;32;144;200;88;8;8;3
UIBoxConfiguration_800b06dc;46;40;144;208;88;8;8;3
UIBoxConfiguration_800b06dc;47;48;144;216;88;8;8;3
UIBoxConfiguration_800b06dc;48;56;144;224;88;8;8;3
UIBoxConfiguration_800b06dc;49;64;144;232;88;8;8;3
UIBoxConfiguration_800b06dc;50;72;144;240;88;8;8;3
UIBoxConfiguration_800b06dc;51;80;144;184;88;8;8;3
UIBoxConfiguration_800b06dc;52;88;144;192;88;8;8;3
UIBoxConfiguration_800b06dc;53;96;144;200;88;8;8;3
UIBoxConfiguration_800b06dc;54;104;144;208;88;8;8;3
UIBoxConfiguration_800b06dc;55;112;144;216;88;8;8;3
UIBoxConfiguration_800b06dc;56;120;144;224;88;8;8;3
UIBoxConfiguration_800b06dc;57;128;144;232;88;8;8;3
UIBoxConfiguration_800b06dc;58;136;144;240;88;8;8;3
UIBoxConfiguration_800b06dc;59;144;144;184;88;8;8;3
UIBoxConfiguration_800b06dc;60;152;144;192;88;8;8;3
UIBoxConfiguration_800b06dc;61;160;144;200;88;8;8;3
UIBoxConfiguration_800b06dc;62;168;144;168;88;8;8;3
UIBoxConfiguration_800b06dc;63;8;152;176;96;8;8;3
UIBoxConfiguration_800b06dc;64;16;152;184;96;8;8;3
UIBoxConfiguration_800b06dc;65;24;152;192;96;8;8;3
UIBoxConfiguration_800b06dc;66;32;152;200;96;8;8;3
UIBoxConfiguration_800b06dc;67;40;152;208;96;8;8;3
UIBoxConfiguration_800b06dc;68;48;152;216;96;8;8;3
UIBoxConfiguration_800b06dc;69;56;152;224;96;8;8;3
UIBoxConfiguration_800b06dc;70;64;152;232;96;8;8;3
UIBoxConfiguration_800b06dc;71;72;152;240;96;8;8;3
UIBoxConfiguration_800b06dc;72;80;152;184;96;8;8;3
UIBoxConfiguration_800b06dc;73;88;152;192;96;8;8;3
UIBoxConfiguration_800b06dc;74;96;152;200;96;8;8;3
UIBoxConfiguration_800b06dc;75;104;152;208;96;8;8;3
UIBoxConfiguration_800b06dc;76;112;152;216;96;8;8;3
UIBoxConfiguration_800b06dc;77;120;152;224;96;8;8;3
UIBoxConfiguration_800b06dc;78;128;152;232;96;8;8;3
UIBoxConfiguration_800b06dc;79;136;152;240;96;8;8;3
UIBoxConfiguration_800b06dc;80;144;152;184;96;8;8;3
UIBoxConfiguration_800b06dc;81;152;152;192;96;8;8;3
UIBoxConfiguration_800b06dc;82;160;152;200;96;8;8;3
UIBoxConfiguration_800b06dc;83;168;152;168;96;8;8;3
UIBoxConfiguration_800b06dc;84;8;160;176;128;8;8;3
UIBoxConfiguration_800b06dc;85;16;160;184;128;8;8;3
UIBoxConfiguration_800b06dc;86;24;160;192;128;8;8;3
UIBoxConfiguration_800b06dc;87;32;160;200;128;8;8;3
UIBoxConfiguration_800b06dc;88;40;160;208;128;8;8;3
UIBoxConfiguration_800b06dc;89;48;160;216;128;8;8;3
UIBoxConfiguration_800b06dc;90;56;160;224;128;8;8;3
UIBoxConfiguration_800b06dc;91;64;160;232;128;8;8;3
UIBoxConfiguration_800b06dc;92;72;160;240;128;8;8;3
UIBoxConfiguration_800b06dc;93;80;160;184;128;8;8;3
UIBoxConfiguration_800b06dc;94;88;160;192;128;8;8;3
UIBoxConfiguration_800b06dc;95;96;160;200;128;8;8;3
UIBoxConfiguration_800b06dc;96;104;160;208;128;8;8;3
UIBoxConfiguration_800b06dc;97;112;160;216;128;8;8;3
UIBoxConfiguration_800b06dc;98;120;160;224;128;8;8;3
UIBoxConfiguration_800b06dc;99;128;160;232;128;8;8;3
UIBoxConfiguration_800b06dc;100;136;160;240;128;8;8;3
UIBoxConfiguration_800b06dc;101;144;160;184;128;8;8;3
UIBoxConfiguration_800b06dc;102;152;160;192;128;8;8;3
UIBoxConfiguration_800b06dc;103;160;160;240;128;8;8;3
UIBoxConfiguration_800b06dc;104;168;160;248;128;8;8;3
UIBoxConfiguration_800b122c;0;176;16;224;0;8;8;0
UIBoxConfiguration_800b122c;1;184;16;232;0;8;8;0
UIBoxConfiguration_800b122c;2;192;16;240;0;8;8;0
UIBoxConfiguration_800b122c;3;200;16;120;0;8;8;0
UIBoxConfiguration_800b122c;4;208;16;128;0;8;8;0
UIBoxConfiguration_800b122c;5;216;16;136;0;8;8;0
UIBoxConfiguration_800b122c;6;224;16;144;0;8;8;0
UIBoxConfiguration_800b122c;7;232;16;152;0;8;8;0
UIBoxConfiguration_800b122c;8;240;16;160;0;8;8;0
UIBoxConfiguration_800b122c;9;248;16;168;0;8;8;0
UIBoxConfiguration_800b122c;10;256;16;176;0;8;8;0
UIBoxConfiguration_800b122c;11;264;16;184;0;8;8;0
UIBoxConfiguration_800b122c;12;272;16;192;0;8;8;0
UIBoxConfiguration_800b122c;13;280;16;120;0;8;8;0
UIBoxConfiguration_800b122c;14;288;16;128;0;8;8;0
UIBoxConfiguration_800b122c;15;296;16;224;24;8;8;0
UIBoxConfiguration_800b122c;16;304;16;232;24;8;8;0
UIBoxConfiguration_800b122c;17;312;16;240;24;8;8;0
UIBoxConfiguration_800b122c;18;176;24;224;8;8;8;0
UIBoxConfiguration_800b122c;19;184;24;232;8;8;8;0
UIBoxConfiguration_800b122c;20;192;24;240;8;8;8;0
UIBoxConfiguration_800b122c;21;200;24;16;0;8;8;0
UIBoxConfiguration_800b122c;22;208;24;24;0;8;8;0
UIBoxConfiguration_800b122c;23;216;24;32;0;8;8;0
UIBoxConfiguration_800b122c;24;224;24;40;0;8;8;0
UIBoxConfiguration_800b122c;25;232;24;48;0;8;8;0
UIBoxConfiguration_800b122c;26;240;24;56;0;8;8;0
UIBoxConfiguration_800b122c;27;248;24;64;0;8;8;0
UIBoxConfiguration_800b122c;28;256;24;72;0;8;8;0
UIBoxConfiguration_800b122c;29;264;24;80;0;8;8;0
UIBoxConfiguration_800b122c;30;272;24;88;0;8;8;0
UIBoxConfiguration_800b122c;31;280;24;16;0;8;8;0
UIBoxConfiguration_800b122c;32;288;24;24;0;8;8;0
UIBoxConfiguration_800b122c;33;296;24;224;32;8;8;0
UIBoxConfiguration_800b122c;34;304;24;232;32;8;8;0
UIBoxConfiguration_800b122c;35;312;24;240;32;8;8;0
UIBoxConfiguration_800b122c;36;176;32;96;24;8;8;0
UIBoxConfiguration_800b122c;37;184;32;104;24;8;8;0
UIBoxConfiguration_800b122c;38;192;32;112;24;8;8;0
UIBoxConfiguration_800b122c;39;200;32;16;8;8;8;0
UIBoxConfiguration_800b122c;40;208;32;24;8;8;8;0
UIBoxConfiguration_800b122c;41;216;32;32;8;8;8;0
UIBoxConfiguration_800b122c;42;224;32;40;8;8;8;0
UIBoxConfiguration_800b122c;43;232;32;48;8;8;8;0
UIBoxConfiguration_800b122c;44;240;32;56;8;8;8;0
UIBoxConfiguration_800b122c;45;248;32;64;8;8;8;0
UIBoxConfiguration_800b122c;46;256;32;72;8;8;8;0
UIBoxConfiguration_800b122c;47;264;32;80;8;8;8;0
UIBoxConfiguration_800b122c;48;272;32;88;8;8;8;0
UIBoxConfiguration_800b122c;49;280;32;16;8;8;8;0
UIBoxConfiguration_800b122c;50;288;32;24;8;8;8;0
UIBoxConfiguration_800b122c;51;296;32;200;24;8;8;0
UIBoxConfiguration_800b122c;52;304;32;208;24;8;8;0
UIBoxConfiguration_800b122c;53;312;32;216;24;8;8;0
UIBoxConfiguration_800b122c;54;176;40;96;32;8;8;0
UIBoxConfiguration_800b122c;55;184;40;104;32;8;8;0
UIBoxConfiguration_800b122c;56;192;40;112;32;8;8;0
UIBoxConfiguration_800b122c;57;200;40;120;32;8;8;0
UIBoxConfiguration_800b122c;58;208;40;128;32;8;8;0
UIBoxConfiguration_800b122c;59;216;40;136;32;8;8;0
UIBoxConfiguration_800b122c;60;224;40;144;32;8;8;0
UIBoxConfiguration_800b122c;61;232;40;152;32;8;8;0
UIBoxConfiguration_800b122c;62;240;40;160;32;8;8;0
UIBoxConfiguration_800b122c;63;248;40;168;32;8;8;0
UIBoxConfiguration_800b122c;64;256;40;176;32;8;8;0
UIBoxConfiguration_800b122c;65;264;40;184;32;8;8;0
UIBoxConfiguration_800b122c;66;272;40;192;32;8;8;0
UIBoxConfiguration_800b122c;67;280;40;120;32;8;8;0
UIBoxConfiguration_800b122c;68;288;40;128;32;8;8;0
UIBoxConfiguration_800b122c;69;296;40;200;32;8;8;0
UIBoxConfiguration_800b122c;70;304;40;208;32;8;8;0
UIBoxConfiguration_800b122c;71;312;40;216;32;8;8;0
UIBoxConfiguration_800b1d7c;0;176;64;224;0;8;8;0
UIBoxConfiguration_800b1d7c;1;184;64;232;0;8;8;0
UIBoxConfiguration_800b1d7c;2;192;64;240;0;8;8;0
UIBoxConfiguration_800b1d7c;3;200;64;120;0;8;8;0
UIBoxConfiguration_800b1d7c;4;208;64;128;0;8;8;0
UIBoxConfiguration_800b1d7c;5;216;64;136;0;8;8;0
UIBoxConfiguration_800b1d7c;6;224;64;144;0;8;8;0
UIBoxConfiguration_800b1d7c;7;232;64;152;0;8;8;0
UIBoxConfiguration_800b1d7c;8;240;64;160;0;8;8;0
UIBoxConfiguration_800b1d7c;9;248;64;168;0;8;8;0
UIBoxConfiguration_800b1d7c;10;256;64;176;0;8;8;0
UIBoxConfiguration_800b1d7c;11;264;64;184;0;8;8;0
UIBoxConfiguration_800b1d7c;12;272;64;192;0;8;8;0
UIBoxConfiguration_800b1d7c;13;280;64;120;0;8;8;0
UIBoxConfiguration_800b1d7c;14;288;64;128;0;8;8;0
UIBoxConfiguration_800b1d7c;15;296;64;224;24;8;8;0
UIBoxConfiguration_800b1d7c;16;304;64;232;24;8;8;0
UIBoxConfiguration_800b1d7c;17;312;64;240;24;8;8;0
UIBoxConfiguration_800b1d7c;18;176;72;224;8;8;8;0
UIBoxConfiguration_800b1d7c;19;184;72;232;8;8;8;0
UIBoxConfiguration_800b1d7c;20;192;72;240;8;8;8;0
UIBoxConfiguration_800b1d7c;21;200;72;16;0;8;8;0
UIBoxConfiguration_800b1d7c;22;208;72;24;0;8;8;0
UIBoxConfiguration_800b1d7c;23;216;72;32;0;8;8;0
UIBoxConfiguration_800b1d7c;24;224;72;40;0;8;8;0
UIBoxConfiguration_800b1d7c;25;232;72;48;0;8;8;0
UIBoxConfiguration_800b1d7c;26;240;72;56;0;8;8;0
UIBoxConfiguration_800b1d7c;27;248;72;64;0;8;8;0
UIBoxConfiguration_800b1d7c;28;256;72;72;0;8;8;0
UIBoxConfiguration_800b1d7c;29;264;72;80;0;8;8;0
UIBoxConfiguration_800b1d7c;30;272;72;88;0;8;8;0
UIBoxConfiguration_800b1d7c;31;280;72;16;0;8;8;0
UIBoxConfiguration_800b1d7c;32;288;72;24;0;8;8;0
UIBoxConfiguration_800b1d7c;33;296;72;224;32;8;8;0
UIBoxConfiguration_800b1d7c;34;304;72;232;32;8;8;0
UIBoxConfiguration_800b1d7c;35;312;72;240;32;8;8;0
UIBoxConfiguration_800b1d7c;36;176;80;96;24;8;8;0
UIBoxConfiguration_800b1d7c;37;184;80;104;24;8;8;0
UIBoxConfiguration_800b1d7c;38;192;80;112;24;8;8;0
UIBoxConfiguration_800b1d7c;39;200;80;16;8;8;8;0
UIBoxConfiguration_800b1d7c;40;208;80;24;8;8;8;0
UIBoxConfiguration_800b1d7c;41;216;80;32;8;8;8;0
UIBoxConfiguration_800b1d7c;42;224;80;40;8;8;8;0
UIBoxConfiguration_800b1d7c;43;232;80;48;8;8;8;0
UIBoxConfiguration_800b1d7c;44;240;80;56;8;8;8;0
UIBoxConfiguration_800b1d7c;45;248;80;64;8;8;8;0
UIBoxConfiguration_800b1d7c;46;256;80;72;8;8;8;0
UIBoxConfiguration_800b1d7c;47;264;80;80;8;8;8;0
UIBoxConfiguration_800b1d7c;48;272;80;88;8;8;8;0
UIBoxConfiguration_800b1d7c;49;280;80;16;8;8;8;0
UIBoxConfiguration_800b1d7c;50;288;80;24;8;8;8;0
UIBoxConfiguration_800b1d7c;51;296;80;200;24;8;8;0
UIBoxConfiguration_800b1d7c;52;304;80;208;24;8;8;0
UIBoxConfiguration_800b1d7c;53;312;80;216;24;8;8;0
UIBoxConfiguration_800b1d7c;54;176;88;96;32;8;8;0
UIBoxConfiguration_800b1d7c;55;184;88;104;32;8;8;0
UIBoxConfiguration_800b1d7c;56;192;88;112;32;8;8;0
UIBoxConfiguration_800b1d7c;57;200;88;120;32;8;8;0
UIBoxConfiguration_800b1d7c;58;208;88;128;32;8;8;0
UIBoxConfiguration_800b1d7c;59;216;88;136;32;8;8;0
UIBoxConfiguration_800b1d7c;60;224;88;144;32;8;8;0
UIBoxConfiguration_800b1d7c;61;232;88;152;32;8;8;0
UIBoxConfiguration_800b1d7c;62;240;88;160;32;8;8;0
UIBoxConfiguration_800b1d7c;63;248;88;168;32;8;8;0
UIBoxConfiguration_800b1d7c;64;256;88;176;32;8;8;0
UIBoxConfiguration_800b1d7c;65;264;88;184;32;8;8;0
UIBoxConfiguration_800b1d7c;66;272;88;192;32;8;8;0
UIBoxConfiguration_800b1d7c;67;280;88;120;32;8;8;0
UIBoxConfiguration_800b1d7c;68;288;88;128;32;8;8;0
UIBoxConfiguration_800b1d7c;69;296;88;200;32;8;8;0
UIBoxConfiguration_800b1d7c;70;304;88;208;32;8;8;0
UIBoxConfiguration_800b1d7c;71;312;88;216;32;8;8;0
UIBoxConfiguration_800b287c;0;136;16;176;72;8;8;3
UIBoxConfiguration_800b287c;1;144;16;184;72;8;8;3
UIBoxConfiguration_800b287c;2;152;16;192;72;8;8;3
UIBoxConfiguration_800b287c;3;160;16;200;72;8;8;3
UIBoxConfiguration_800b287c;4;168;16;248;72;8;8;3
UIBoxConfiguration_800b287c;5;136;24;176;80;8;8;3
UIBoxConfiguration_800b287c;6;144;24;184;80;8;8;3
UIBoxConfiguration_800b287c;7;152;24;192;80;8;8;3
UIBoxConfiguration_800b287c;8;160;24;200;80;8;8;3
UIBoxConfiguration_800b287c;9;168;24;248;80;8;8;3
UIBoxConfiguration_800b287c;10;136;32;176;88;8;8;3
UIBoxConfiguration_800b287c;11;144;32;184;88;8;8;3
UIBoxConfiguration_800b287c;12;152;32;192;88;8;8;3
UIBoxConfiguration_800b287c;13;160;32;200;88;8;8;3
UIBoxConfiguration_800b287c;14;168;32;248;80;8;8;3
UIBoxConfiguration_800b287c;15;136;40;176;96;8;8;3
UIBoxConfiguration_800b287c;16;144;40;184;96;8;8;3
UIBoxConfiguration_800b287c;17;152;40;192;96;8;8;3
UIBoxConfiguration_800b287c;18;160;40;200;96;8;8;3
UIBoxConfiguration_800b287c;19;168;40;248;112;8;8;3
UIBoxConfiguration_800b287c;20;136;48;176;104;8;8;3
UIBoxConfiguration_800b287c;21;144;48;184;104;8;8;3
UIBoxConfiguration_800b287c;22;152;48;192;104;8;8;3
UIBoxConfiguration_800b287c;23;160;48;200;104;8;8;3
UIBoxConfiguration_800b287c;24;168;48;248;96;8;8;3
UIBoxConfiguration_800b287c;25;136;56;176;112;8;8;3
UIBoxConfiguration_800b287c;26;144;56;184;112;8;8;3
UIBoxConfiguration_800b287c;27;152;56;192;112;8;8;3
UIBoxConfiguration_800b287c;28;160;56;200;112;8;8;3
UIBoxConfiguration_800b287c;29;168;56;248;104;8;8;3
UIBoxConfiguration_800b287c;30;136;64;176;120;8;8;3
UIBoxConfiguration_800b287c;31;144;64;184;120;8;8;3
UIBoxConfiguration_800b287c;32;152;64;192;120;8;8;3
UIBoxConfiguration_800b287c;33;160;64;200;120;8;8;3
UIBoxConfiguration_800b287c;34;168;64;248;112;8;8;3
UIBoxConfiguration_800b287c;35;136;72;176;80;8;8;3
UIBoxConfiguration_800b287c;36;144;72;184;80;8;8;3
UIBoxConfiguration_800b287c;37;152;72;192;80;8;8;3
UIBoxConfiguration_800b287c;38;160;72;200;80;8;8;3
UIBoxConfiguration_800b287c;39;168;72;248;120;8;8;3
UIBoxConfiguration_800b287c;40;136;80;176;88;8;8;3
UIBoxConfiguration_800b287c;41;144;80;184;88;8;8;3
UIBoxConfiguration_800b287c;42;152;80;192;88;8;8;3
UIBoxConfiguration_800b287c;43;160;80;200;88;8;8;3
UIBoxConfiguration_800b287c;44;168;80;248;80;8;8;3
UIBoxConfiguration_800b287c;45;136;88;176;96;8;8;3
UIBoxConfiguration_800b287c;46;144;88;184;96;8;8;3
UIBoxConfiguration_800b287c;47;152;88;192;96;8;8;3
UIBoxConfiguration_800b287c;48;160;88;200;96;8;8;3
UIBoxConfiguration_800b287c;49;168;88;248;88;8;8;3
UIBoxConfiguration_800b287c;50;136;96;176;104;8;8;3
UIBoxConfiguration_800b287c;51;144;96;184;104;8;8;3
UIBoxConfiguration_800b287c;52;152;96;192;104;8;8;3
UIBoxConfiguration_800b287c;53;160;96;200;104;8;8;3
UIBoxConfiguration_800b287c;54;168;96;248;96;8;8;3
UIBoxConfiguration_800b287c;55;136;104;176;112;8;8;3
UIBoxConfiguration_800b287c;56;144;104;184;112;8;8;3
UIBoxConfiguration_800b287c;57;152;104;192;112;8;8;3
UIBoxConfiguration_800b287c;58;160;104;200;112;8;8;3
UIBoxConfiguration_800b287c;59;168;104;248;104;8;8;3
UIBoxConfiguration_800b287c;60;136;112;176;120;8;8;3
UIBoxConfiguration_800b287c;61;144;112;184;120;8;8;3
UIBoxConfiguration_800b287c;62;152;112;192;120;8;8;3
UIBoxConfiguration_800b287c;63;160;112;200;120;8;8;3
UIBoxConfiguration_800b287c;64;168;112;248;112;8;8;3
UIBoxConfiguration_800b287c;65;136;120;176;128;8;8;3
UIBoxConfiguration_800b287c;66;144;120;184;128;8;8;3
UIBoxConfiguration_800b287c;67;152;120;192;128;8;8;3
UIBoxConfiguration_800b287c;68;160;120;240;128;8;8;3
UIBoxConfiguration_800b287c;69;168;120;248;128;8;8;3
